selection_rank,is_selected,model_name,candidate_index,candidate_id,candidate_parameters_json,eligible_for_selection,complexity_rank,fold_count,mean_macro_f1,std_macro_f1,mean_balanced_accuracy,std_balanced_accuracy,mean_multiclass_log_loss
1,True,random_forest,2,random_forest__candidate_002,"{""classifier__max_depth"":null,""classifier__max_features"":""sqrt"",""classifier__min_samples_leaf"":4}",True,3,15,0.652188278114,0.0123848379387,0.660364686004,0.012653737855,0.70638905648
2,False,random_forest,4,random_forest__candidate_004,"{""classifier__max_depth"":null,""classifier__max_features"":0.5,""classifier__min_samples_leaf"":4}",True,3,15,0.65157604665,0.0123685929462,0.658271125277,0.0128770340958,0.706979367346
3,False,extra_trees,4,extra_trees__candidate_004,"{""classifier__max_depth"":null,""classifier__max_features"":0.5,""classifier__min_samples_leaf"":4}",True,4,15,0.651216206486,0.0137353236537,0.667549956829,0.0127543404993,0.720317151059
4,False,random_forest,7,random_forest__candidate_007,"{""classifier__max_depth"":12,""classifier__max_features"":0.5,""classifier__min_samples_leaf"":1}",True,3,15,0.65034613934,0.014936811736,0.670102775169,0.0148733992913,0.73818064811
5,False,random_forest,8,random_forest__candidate_008,"{""classifier__max_depth"":12,""classifier__max_features"":0.5,""classifier__min_samples_leaf"":4}",True,3,15,0.649193481161,0.0151640014829,0.671012308666,0.0147293936832,0.742699525828
6,False,random_forest,5,random_forest__candidate_005,"{""classifier__max_depth"":12,""classifier__max_features"":""sqrt"",""classifier__min_samples_leaf"":1}",True,3,15,0.648184327333,0.0159220134068,0.669599185808,0.0153041279315,0.74435880196
7,False,random_forest,6,random_forest__candidate_006,"{""classifier__max_depth"":12,""classifier__max_features"":""sqrt"",""classifier__min_samples_leaf"":4}",True,3,15,0.647005425807,0.0162137124559,0.670631737717,0.0151943428967,0.749536547482
8,False,extra_trees,2,extra_trees__candidate_002,"{""classifier__max_depth"":null,""classifier__max_features"":""sqrt"",""classifier__min_samples_leaf"":4}",True,4,15,0.645812540938,0.0155882753201,0.669079310958,0.0137218571338,0.742596035597
9,False,sgd_logistic,1,sgd_logistic__candidate_001,"{""classifier__alpha"":1e-05,""classifier__penalty"":""l2""}",True,2,15,0.639968039122,0.0165725504887,0.661629005057,0.0117286782895,0.803758543946
10,False,sgd_logistic,2,sgd_logistic__candidate_002,"{""classifier__alpha"":0.0001,""classifier__penalty"":""l2""}",True,2,15,0.63980566012,0.016418532591,0.659711742114,0.0113014612661,0.765737926645
11,False,sgd_logistic,3,sgd_logistic__candidate_003,"{""classifier__alpha"":0.001,""classifier__penalty"":""l2""}",True,2,15,0.635068193207,0.0153465561698,0.653408237649,0.0110567030526,0.773696232868
12,False,random_forest,3,random_forest__candidate_003,"{""classifier__max_depth"":null,""classifier__max_features"":0.5,""classifier__min_samples_leaf"":1}",True,3,15,0.634465701301,0.0117416241344,0.62890323567,0.0127490040756,0.724141193927
13,False,extra_trees,3,extra_trees__candidate_003,"{""classifier__max_depth"":null,""classifier__max_features"":0.5,""classifier__min_samples_leaf"":1}",True,4,15,0.634125120497,0.0111080426106,0.629487122,0.0121994140855,0.707812542257
14,False,extra_trees,7,extra_trees__candidate_007,"{""classifier__max_depth"":12,""classifier__max_features"":0.5,""classifier__min_samples_leaf"":1}",True,4,15,0.633819088396,0.0173273578969,0.669123402295,0.0146565847115,0.794677946425
15,False,random_forest,1,random_forest__candidate_001,"{""classifier__max_depth"":null,""classifier__max_features"":""sqrt"",""classifier__min_samples_leaf"":1}",True,3,15,0.633811552417,0.0112667237554,0.628387991971,0.0123133998524,0.708776959265
16,False,extra_trees,8,extra_trees__candidate_008,"{""classifier__max_depth"":12,""classifier__max_features"":0.5,""classifier__min_samples_leaf"":4}",True,4,15,0.632677879518,0.0174920349188,0.669268318281,0.0144971631962,0.798227318366
17,False,extra_trees,1,extra_trees__candidate_001,"{""classifier__max_depth"":null,""classifier__max_features"":""sqrt"",""classifier__min_samples_leaf"":1}",True,4,15,0.631780794972,0.0114660957429,0.628334635771,0.0119954848615,0.706629552428
18,False,logistic_regression,2,logistic_regression__candidate_002,"{""classifier__C"":1.0}",True,1,15,0.629118558522,0.0186496882366,0.672219384605,0.0146426131195,0.81294556193
19,False,logistic_regression,3,logistic_regression__candidate_003,"{""classifier__C"":10.0}",True,1,15,0.629096677142,0.0187975770926,0.672180317219,0.0148366307644,0.813563438956
20,False,logistic_regression,1,logistic_regression__candidate_001,"{""classifier__C"":0.1}",True,1,15,0.62894248989,0.0183271853143,0.672134033835,0.0140922312029,0.81328072134
21,False,extra_trees,5,extra_trees__candidate_005,"{""classifier__max_depth"":12,""classifier__max_features"":""sqrt"",""classifier__min_samples_leaf"":1}",True,4,15,0.610665723973,0.0202269928242,0.656510024991,0.0161630649653,0.891918008664
22,False,extra_trees,6,extra_trees__candidate_006,"{""classifier__max_depth"":12,""classifier__max_features"":""sqrt"",""classifier__min_samples_leaf"":4}",True,4,15,0.609645064716,0.0205432619763,0.656612324817,0.0158489096358,0.895254282307
23,False,sgd_logistic,4,sgd_logistic__candidate_004,"{""classifier__alpha"":1e-05,""classifier__l1_ratio"":0.15,""classifier__penalty"":""elasticnet""}",True,2,15,0.498188056403,0.0430813439488,0.513089195746,0.0375653099039,1.63272364935
24,False,sgd_logistic,5,sgd_logistic__candidate_005,"{""classifier__alpha"":1e-05,""classifier__l1_ratio"":0.5,""classifier__penalty"":""elasticnet""}",True,2,15,0.422997436586,0.0429444822174,0.440893392981,0.0515683552132,2.27535605435
25,False,sgd_logistic,6,sgd_logistic__candidate_006,"{""classifier__alpha"":0.0001,""classifier__l1_ratio"":0.15,""classifier__penalty"":""elasticnet""}",True,2,15,0.411490904832,0.0686990284778,0.431651135793,0.0640874895256,1.68074326198
26,False,sgd_logistic,7,sgd_logistic__candidate_007,"{""classifier__alpha"":0.0001,""classifier__l1_ratio"":0.5,""classifier__penalty"":""elasticnet""}",True,2,15,0.388376380453,0.0559785121161,0.420856175066,0.0618380786433,2.257345117
27,False,sgd_logistic,8,sgd_logistic__candidate_008,"{""classifier__alpha"":0.001,""classifier__l1_ratio"":0.15,""classifier__penalty"":""elasticnet""}",True,2,15,0.321949075425,0.0500845867957,0.324597748002,0.0470807457831,1.8795020144
28,False,sgd_logistic,9,sgd_logistic__candidate_009,"{""classifier__alpha"":0.001,""classifier__l1_ratio"":0.5,""classifier__penalty"":""elasticnet""}",True,2,15,0.244189189636,0.037006321616,0.24446861903,0.0349553311793,2.58006648328
,False,dummy_prior,1,dummy_prior__candidate_001,{},False,0,15,0.0997564911283,0.00673165685226,0.2,5.55111512313e-17,1.42966658882
