split_id,outer_fold,inner_fold,train_subjects,validation_subjects,test_subjects,train_row_count,validation_row_count,test_row_count
outer_01_inner_01,1,1,"1,3,8,9,13,15,16,18,22,24,26,27,28,30,31,32,33,34,35,38,40,44,45,47,48,51,52,53,55,57,58,61,62,63,64,65,70,71,77,80,81,82","0,5,7,10,11,12,17,20,23,25,29,36,37,41,43,46,49,60,67,76","2,4,6,14,19,21,42,50,54,56,59,66,72,73,74,75",105985,46055,43429
outer_01_inner_02,1,2,"0,1,3,5,7,8,10,11,12,16,17,18,20,22,23,24,25,28,29,30,36,37,41,43,45,46,47,49,51,57,58,60,61,64,65,67,70,76,81,82","9,13,15,26,27,31,32,33,34,35,38,40,44,48,52,53,55,62,63,71,77,80","2,4,6,14,19,21,42,50,54,56,59,66,72,73,74,75",97801,54239,43429
outer_01_inner_03,1,3,"0,5,7,9,10,11,12,13,15,17,20,23,25,26,27,29,31,32,33,34,35,36,37,38,40,41,43,44,46,48,49,52,53,55,60,62,63,67,71,76,77,80","1,3,8,16,18,22,24,28,30,45,47,51,57,58,61,64,65,70,81,82","2,4,6,14,19,21,42,50,54,56,59,66,72,73,74,75",100294,51746,43429
outer_02_inner_01,2,1,"5,6,7,9,12,13,15,16,19,22,25,26,29,30,33,35,36,37,38,40,41,42,45,46,47,48,51,54,55,56,58,59,60,64,65,66,75,76,77,80,81,82","0,2,4,8,14,17,20,21,31,34,43,44,49,50,53,57,62,70,72,73,74","1,3,10,11,18,23,24,27,28,32,52,61,63,67,71",107968,53014,34487
outer_02_inner_02,2,2,"0,2,4,5,6,8,12,13,14,15,16,17,20,21,22,25,31,34,36,38,42,43,44,45,49,50,53,54,56,57,58,59,60,62,64,66,70,72,73,74,77,80,81","7,9,19,26,29,30,33,35,37,40,41,46,47,48,51,55,65,75,76,82","1,3,10,11,18,23,24,27,28,32,52,61,63,67,71",106339,54643,34487
outer_02_inner_03,2,3,"0,2,4,7,8,9,14,17,19,20,21,26,29,30,31,33,34,35,37,40,41,43,44,46,47,48,49,50,51,53,55,57,62,65,70,72,73,74,75,76,82","5,6,12,13,15,16,22,25,36,38,42,45,54,56,58,59,60,64,66,77,80,81","1,3,10,11,18,23,24,27,28,32,52,61,63,67,71",107657,53325,34487
outer_03_inner_01,3,1,"0,4,8,11,12,13,14,17,18,20,21,22,23,25,26,27,30,31,32,34,36,37,40,42,44,46,47,52,55,57,61,62,63,64,67,71,72,73,74,77,81,82","1,2,3,6,9,10,15,19,24,28,29,35,43,45,50,54,56,59,66,75,76","5,7,16,33,38,41,48,49,51,53,58,60,65,70,80",99536,54562,41371
outer_03_inner_02,3,2,"1,2,3,4,6,9,10,13,15,19,21,22,24,25,26,27,28,29,30,32,35,36,40,42,43,44,45,46,50,52,54,56,57,59,61,62,66,71,72,75,76,81","0,8,11,12,14,17,18,20,23,31,34,37,47,55,63,64,67,73,74,77,82","5,7,16,33,38,41,48,49,51,53,58,60,65,70,80",99206,54892,41371
outer_03_inner_03,3,3,"0,1,2,3,6,8,9,10,11,12,14,15,17,18,19,20,23,24,28,29,31,34,35,37,43,45,47,50,54,55,56,59,63,64,66,67,73,74,75,76,77,82","4,13,21,22,25,26,27,30,32,36,40,42,44,46,52,57,61,62,71,72,81","5,7,16,33,38,41,48,49,51,53,58,60,65,70,80",109454,44644,41371
outer_04_inner_01,4,1,"1,2,3,4,5,9,10,14,16,18,19,20,21,23,24,28,30,33,37,41,48,49,50,51,52,53,54,55,56,58,60,61,62,63,65,67,71,75,76,81","6,7,11,22,26,27,32,34,35,38,42,44,45,57,59,66,70,72,73,74,80","0,8,12,13,15,17,25,29,31,36,40,43,46,47,64,77,82",100913,55878,38678
outer_04_inner_02,4,2,"6,7,9,10,11,20,22,24,26,27,32,33,34,35,38,42,44,45,48,49,50,52,54,55,56,57,58,59,60,61,62,65,66,70,71,72,73,74,75,80,81","1,2,3,4,5,14,16,18,19,21,23,28,30,37,41,51,53,63,67,76","0,8,12,13,15,17,25,29,31,36,40,43,46,47,64,77,82",110331,46460,38678
outer_04_inner_03,4,3,"1,2,3,4,5,6,7,11,14,16,18,19,21,22,23,26,27,28,30,32,34,35,37,38,41,42,44,45,51,53,57,59,63,66,67,70,72,73,74,76,80","9,10,20,24,33,48,49,50,52,54,55,56,58,60,61,62,65,71,75,81","0,8,12,13,15,17,25,29,31,36,40,43,46,47,64,77,82",102338,54453,38678
outer_05_inner_01,5,1,"0,2,3,4,6,11,12,13,15,16,17,19,21,23,24,27,28,33,36,38,40,41,42,43,46,47,49,50,52,54,60,65,67,71,72,73,74,75,77,80,82","1,5,7,8,10,14,18,25,29,31,32,48,51,53,56,58,59,61,63,64,66,70","9,20,22,26,30,34,35,37,44,45,55,57,62,76,81",102429,55536,37504
outer_05_inner_02,5,2,"1,2,5,7,8,10,12,14,15,16,18,19,23,24,25,27,28,29,31,32,36,38,41,42,46,47,48,50,51,52,53,56,58,59,61,63,64,65,66,70,71,73,74","0,3,4,6,11,13,17,21,33,40,43,49,54,60,67,72,75,77,80,82","9,20,22,26,30,34,35,37,44,45,55,57,62,76,81",110095,47870,37504
outer_05_inner_03,5,3,"0,1,3,4,5,6,7,8,10,11,13,14,17,18,21,25,29,31,32,33,40,43,48,49,51,53,54,56,58,59,60,61,63,64,66,67,70,72,75,77,80,82","2,12,15,16,19,23,24,27,28,36,38,41,42,46,47,50,52,65,71,73,74","9,20,22,26,30,34,35,37,44,45,55,57,62,76,81",103406,54559,37504
