outer_fold,test_subjects,outer_development_subjects,model_name,candidate_index,candidate_id,candidate_parameters_json,eligible_for_selection,selection_rank,is_selected,complexity_rank,fold_count,mean_macro_f1,std_macro_f1,mean_balanced_accuracy,std_balanced_accuracy,mean_weighted_f1,std_weighted_f1,mean_accuracy,std_accuracy,mean_cohen_kappa,std_cohen_kappa,mean_multiclass_log_loss,std_multiclass_log_loss
1,"14,19,2,21,4,42,50,54,56,59,6,66,72,73,74,75","0,1,10,11,12,13,15,16,17,18,20,22,23,24,25,26,27,28,29,3,30,31,32,33,34,35,36,37,38,40,41,43,44,45,46,47,48,49,5,51,52,53,55,57,58,60,61,62,63,64,65,67,7,70,71,76,77,8,80,81,82,9",dummy_prior,1,dummy_prior__candidate_001,{},False,,False,0,3,0.106481127355,0.00181384732713,0.2,2.77555756156e-17,0.193247261321,0.00778251022663,0.362826449047,0.00842578073741,0,0,1.43197315707,0.0217408721687
1,"14,19,2,21,4,42,50,54,56,59,6,66,72,73,74,75","0,1,10,11,12,13,15,16,17,18,20,22,23,24,25,26,27,28,29,3,30,31,32,33,34,35,36,37,38,40,41,43,44,45,46,47,48,49,5,51,52,53,55,57,58,60,61,62,63,64,65,67,7,70,71,76,77,8,80,81,82,9",logistic_regression,1,logistic_regression__candidate_001,"{""classifier__C"":0.1}",True,19,False,1,3,0.632703134238,0.00243954350552,0.672665765416,0.00649314324229,0.699303065503,0.00209893698053,0.68109665589,0.00513370693396,0.580625543793,0.00947206231572,0.813114338102,0.0199194010059
1,"14,19,2,21,4,42,50,54,56,59,6,66,72,73,74,75","0,1,10,11,12,13,15,16,17,18,20,22,23,24,25,26,27,28,29,3,30,31,32,33,34,35,36,37,38,40,41,43,44,45,46,47,48,49,5,51,52,53,55,57,58,60,61,62,63,64,65,67,7,70,71,76,77,8,80,81,82,9",logistic_regression,2,logistic_regression__candidate_002,"{""classifier__C"":1.0}",True,17,False,1,3,0.63306718937,0.00215217878829,0.672883585835,0.00705549328219,0.69959966047,0.00116489942295,0.681342344471,0.00627671618315,0.580969509121,0.0107969577465,0.813084301078,0.0201075698411
1,"14,19,2,21,4,42,50,54,56,59,6,66,72,73,74,75","0,1,10,11,12,13,15,16,17,18,20,22,23,24,25,26,27,28,29,3,30,31,32,33,34,35,36,37,38,40,41,43,44,45,46,47,48,49,5,51,52,53,55,57,58,60,61,62,63,64,65,67,7,70,71,76,77,8,80,81,82,9",logistic_regression,3,logistic_regression__candidate_003,"{""classifier__C"":10.0}",True,18,False,1,3,0.63276232544,0.00193266114214,0.672588425314,0.00684254864686,0.699409905123,0.000965684696033,0.681089227617,0.00640018601299,0.580666360939,0.0108648627665,0.814763822943,0.0214955341133
1,"14,19,2,21,4,42,50,54,56,59,6,66,72,73,74,75","0,1,10,11,12,13,15,16,17,18,20,22,23,24,25,26,27,28,29,3,30,31,32,33,34,35,36,37,38,40,41,43,44,45,46,47,48,49,5,51,52,53,55,57,58,60,61,62,63,64,65,67,7,70,71,76,77,8,80,81,82,9",sgd_logistic,1,sgd_logistic__candidate_001,"{""classifier__alpha"":1e-05,""classifier__penalty"":""l2""}",True,9,False,2,3,0.645130489695,0.00984098999569,0.66314414101,0.0107157447006,0.722003601338,0.0108823283586,0.723788043869,0.00859534025331,0.623058831027,0.0125744508625,0.789257310489,0.0477831407108
1,"14,19,2,21,4,42,50,54,56,59,6,66,72,73,74,75","0,1,10,11,12,13,15,16,17,18,20,22,23,24,25,26,27,28,29,3,30,31,32,33,34,35,36,37,38,40,41,43,44,45,46,47,48,49,5,51,52,53,55,57,58,60,61,62,63,64,65,67,7,70,71,76,77,8,80,81,82,9",sgd_logistic,2,sgd_logistic__candidate_002,"{""classifier__alpha"":0.0001,""classifier__penalty"":""l2""}",True,10,False,2,3,0.644758083822,0.00976687138865,0.661324889146,0.01069012357,0.720951118359,0.0109020627948,0.721933444617,0.00790124131747,0.620641656262,0.0119484859513,0.760434021213,0.0315129834979
1,"14,19,2,21,4,42,50,54,56,59,6,66,72,73,74,75","0,1,10,11,12,13,15,16,17,18,20,22,23,24,25,26,27,28,29,3,30,31,32,33,34,35,36,37,38,40,41,43,44,45,46,47,48,49,5,51,52,53,55,57,58,60,61,62,63,64,65,67,7,70,71,76,77,8,80,81,82,9",sgd_logistic,3,sgd_logistic__candidate_003,"{""classifier__alpha"":0.001,""classifier__penalty"":""l2""}",True,11,False,2,3,0.640235384874,0.00818494171947,0.655328978277,0.00949034748863,0.716478262147,0.0104894718697,0.716637262902,0.00777354331121,0.613502402658,0.0114248864336,0.771389838702,0.0225663730201
1,"14,19,2,21,4,42,50,54,56,59,6,66,72,73,74,75","0,1,10,11,12,13,15,16,17,18,20,22,23,24,25,26,27,28,29,3,30,31,32,33,34,35,36,37,38,40,41,43,44,45,46,47,48,49,5,51,52,53,55,57,58,60,61,62,63,64,65,67,7,70,71,76,77,8,80,81,82,9",sgd_logistic,4,sgd_logistic__candidate_004,"{""classifier__alpha"":1e-05,""classifier__l1_ratio"":0.15,""classifier__penalty"":""elasticnet""}",True,23,False,2,3,0.474770528488,0.0212111884691,0.48545343749,0.00786562866951,0.555602229058,0.0281094826431,0.544772031477,0.0254327284425,0.390644765774,0.021076942082,1.63378980682,0.0330902123619
1,"14,19,2,21,4,42,50,54,56,59,6,66,72,73,74,75","0,1,10,11,12,13,15,16,17,18,20,22,23,24,25,26,27,28,29,3,30,31,32,33,34,35,36,37,38,40,41,43,44,45,46,47,48,49,5,51,52,53,55,57,58,60,61,62,63,64,65,67,7,70,71,76,77,8,80,81,82,9",sgd_logistic,5,sgd_logistic__candidate_005,"{""classifier__alpha"":1e-05,""classifier__l1_ratio"":0.5,""classifier__penalty"":""elasticnet""}",True,24,False,2,3,0.389034992719,0.0101902049519,0.40088344824,0.0247012398764,0.481529867373,0.0173032670878,0.467946829235,0.0130005407304,0.292893794025,0.0154256799815,2.3860657156,0.124909721938
1,"14,19,2,21,4,42,50,54,56,59,6,66,72,73,74,75","0,1,10,11,12,13,15,16,17,18,20,22,23,24,25,26,27,28,29,3,30,31,32,33,34,35,36,37,38,40,41,43,44,45,46,47,48,49,5,51,52,53,55,57,58,60,61,62,63,64,65,67,7,70,71,76,77,8,80,81,82,9",sgd_logistic,6,sgd_logistic__candidate_006,"{""classifier__alpha"":0.0001,""classifier__l1_ratio"":0.15,""classifier__penalty"":""elasticnet""}",True,25,False,2,3,0.383113803262,0.048479053546,0.400866869485,0.0467870884027,0.498471535861,0.0270199419072,0.489337805262,0.0140467991974,0.319652784015,0.0249438191161,2.00287175288,0.321241298143
1,"14,19,2,21,4,42,50,54,56,59,6,66,72,73,74,75","0,1,10,11,12,13,15,16,17,18,20,22,23,24,25,26,27,28,29,3,30,31,32,33,34,35,36,37,38,40,41,43,44,45,46,47,48,49,5,51,52,53,55,57,58,60,61,62,63,64,65,67,7,70,71,76,77,8,80,81,82,9",sgd_logistic,7,sgd_logistic__candidate_007,"{""classifier__alpha"":0.0001,""classifier__l1_ratio"":0.5,""classifier__penalty"":""elasticnet""}",True,27,False,2,3,0.316717163903,0.0393272287853,0.340902519775,0.0514965922839,0.411097695002,0.0340778589417,0.398955515338,0.0254115665294,0.213596718254,0.0435096374472,2.86726273363,0.503958619965
1,"14,19,2,21,4,42,50,54,56,59,6,66,72,73,74,75","0,1,10,11,12,13,15,16,17,18,20,22,23,24,25,26,27,28,29,3,30,31,32,33,34,35,36,37,38,40,41,43,44,45,46,47,48,49,5,51,52,53,55,57,58,60,61,62,63,64,65,67,7,70,71,76,77,8,80,81,82,9",sgd_logistic,8,sgd_logistic__candidate_008,"{""classifier__alpha"":0.001,""classifier__l1_ratio"":0.15,""classifier__penalty"":""elasticnet""}",True,26,False,2,3,0.355439004317,0.0280269280543,0.353712881733,0.0229127482252,0.476974227716,0.0287177851378,0.476102148276,0.0201804392575,0.282133072696,0.0285192321526,1.7491464099,0.317008907911
1,"14,19,2,21,4,42,50,54,56,59,6,66,72,73,74,75","0,1,10,11,12,13,15,16,17,18,20,22,23,24,25,26,27,28,29,3,30,31,32,33,34,35,36,37,38,40,41,43,44,45,46,47,48,49,5,51,52,53,55,57,58,60,61,62,63,64,65,67,7,70,71,76,77,8,80,81,82,9",sgd_logistic,9,sgd_logistic__candidate_009,"{""classifier__alpha"":0.001,""classifier__l1_ratio"":0.5,""classifier__penalty"":""elasticnet""}",True,28,False,2,3,0.242489684181,0.0330874703415,0.24563165449,0.0301024974792,0.342264540976,0.0387272379916,0.33657526085,0.0463733502776,0.10533567992,0.0485110596456,2.6626906253,0.545952979226
1,"14,19,2,21,4,42,50,54,56,59,6,66,72,73,74,75","0,1,10,11,12,13,15,16,17,18,20,22,23,24,25,26,27,28,29,3,30,31,32,33,34,35,36,37,38,40,41,43,44,45,46,47,48,49,5,51,52,53,55,57,58,60,61,62,63,64,65,67,7,70,71,76,77,8,80,81,82,9",random_forest,1,random_forest__candidate_001,"{""classifier__max_depth"":null,""classifier__max_features"":""sqrt"",""classifier__min_samples_leaf"":1}",True,15,False,3,3,0.63452739492,0.00277252441777,0.62849514248,0.00605197594561,0.721274267735,0.00633981098587,0.740106119012,0.00372673416123,0.634131017018,0.00578784804479,0.707685211282,0.0218856517611
1,"14,19,2,21,4,42,50,54,56,59,6,66,72,73,74,75","0,1,10,11,12,13,15,16,17,18,20,22,23,24,25,26,27,28,29,3,30,31,32,33,34,35,36,37,38,40,41,43,44,45,46,47,48,49,5,51,52,53,55,57,58,60,61,62,63,64,65,67,7,70,71,76,77,8,80,81,82,9",random_forest,2,random_forest__candidate_002,"{""classifier__max_depth"":null,""classifier__max_features"":""sqrt"",""classifier__min_samples_leaf"":4}",True,3,False,3,3,0.651487927231,0.00614580020508,0.657928123159,0.00809850878976,0.726770559596,0.00609681017909,0.726746589847,0.00615187179031,0.626302437513,0.0104642982822,0.70452961232,0.0112357398412
1,"14,19,2,21,4,42,50,54,56,59,6,66,72,73,74,75","0,1,10,11,12,13,15,16,17,18,20,22,23,24,25,26,27,28,29,3,30,31,32,33,34,35,36,37,38,40,41,43,44,45,46,47,48,49,5,51,52,53,55,57,58,60,61,62,63,64,65,67,7,70,71,76,77,8,80,81,82,9",random_forest,3,random_forest__candidate_003,"{""classifier__max_depth"":null,""classifier__max_features"":0.5,""classifier__min_samples_leaf"":1}",True,14,False,3,3,0.635283493049,0.00371496063799,0.628687879268,0.00638955648289,0.721826839522,0.00686168205017,0.739318762178,0.00384137841695,0.63350612268,0.00583971094784,0.718884444936,0.0258306780313
1,"14,19,2,21,4,42,50,54,56,59,6,66,72,73,74,75","0,1,10,11,12,13,15,16,17,18,20,22,23,24,25,26,27,28,29,3,30,31,32,33,34,35,36,37,38,40,41,43,44,45,46,47,48,49,5,51,52,53,55,57,58,60,61,62,63,64,65,67,7,70,71,76,77,8,80,81,82,9",random_forest,4,random_forest__candidate_004,"{""classifier__max_depth"":null,""classifier__max_features"":0.5,""classifier__min_samples_leaf"":4}",True,2,False,3,3,0.651639755072,0.00519845100313,0.656835607159,0.00805103082147,0.727798922728,0.00516259493947,0.728611560979,0.00474251411096,0.628265253404,0.00889321172074,0.705060543464,0.0126292212649
1,"14,19,2,21,4,42,50,54,56,59,6,66,72,73,74,75","0,1,10,11,12,13,15,16,17,18,20,22,23,24,25,26,27,28,29,3,30,31,32,33,34,35,36,37,38,40,41,43,44,45,46,47,48,49,5,51,52,53,55,57,58,60,61,62,63,64,65,67,7,70,71,76,77,8,80,81,82,9",random_forest,5,random_forest__candidate_005,"{""classifier__max_depth"":12,""classifier__max_features"":""sqrt"",""classifier__min_samples_leaf"":1}",True,6,False,3,3,0.649245523601,0.00654367708045,0.668351446511,0.0115522179552,0.715095311005,0.00373849407581,0.701083485383,0.00876681547123,0.600749190281,0.0142046671023,0.744853684675,0.00512863695846
1,"14,19,2,21,4,42,50,54,56,59,6,66,72,73,74,75","0,1,10,11,12,13,15,16,17,18,20,22,23,24,25,26,27,28,29,3,30,31,32,33,34,35,36,37,38,40,41,43,44,45,46,47,48,49,5,51,52,53,55,57,58,60,61,62,63,64,65,67,7,70,71,76,77,8,80,81,82,9",random_forest,6,random_forest__candidate_006,"{""classifier__max_depth"":12,""classifier__max_features"":""sqrt"",""classifier__min_samples_leaf"":4}",True,8,False,3,3,0.648061388365,0.00641926751975,0.669447334908,0.0113369683579,0.713514156274,0.00404081220366,0.698786601887,0.00979042954538,0.598516640339,0.015358342002,0.750527642247,0.00585160573704
1,"14,19,2,21,4,42,50,54,56,59,6,66,72,73,74,75","0,1,10,11,12,13,15,16,17,18,20,22,23,24,25,26,27,28,29,3,30,31,32,33,34,35,36,37,38,40,41,43,44,45,46,47,48,49,5,51,52,53,55,57,58,60,61,62,63,64,65,67,7,70,71,76,77,8,80,81,82,9",random_forest,7,random_forest__candidate_007,"{""classifier__max_depth"":12,""classifier__max_features"":0.5,""classifier__min_samples_leaf"":1}",True,1,True,3,3,0.651693261435,0.00529612422988,0.669647983285,0.0115638971688,0.717192191581,0.00223997829779,0.702595956888,0.00847004286917,0.60281191093,0.0136475426693,0.739149420278,0.00431568116929
1,"14,19,2,21,4,42,50,54,56,59,6,66,72,73,74,75","0,1,10,11,12,13,15,16,17,18,20,22,23,24,25,26,27,28,29,3,30,31,32,33,34,35,36,37,38,40,41,43,44,45,46,47,48,49,5,51,52,53,55,57,58,60,61,62,63,64,65,67,7,70,71,76,77,8,80,81,82,9",random_forest,8,random_forest__candidate_008,"{""classifier__max_depth"":12,""classifier__max_features"":0.5,""classifier__min_samples_leaf"":4}",True,5,False,3,3,0.649968026453,0.00597151638211,0.669741069867,0.012458345902,0.715248932573,0.00310548173992,0.699805369821,0.00991369974457,0.599901459378,0.0153594011867,0.744255566767,0.00465916888775
1,"14,19,2,21,4,42,50,54,56,59,6,66,72,73,74,75","0,1,10,11,12,13,15,16,17,18,20,22,23,24,25,26,27,28,29,3,30,31,32,33,34,35,36,37,38,40,41,43,44,45,46,47,48,49,5,51,52,53,55,57,58,60,61,62,63,64,65,67,7,70,71,76,77,8,80,81,82,9",extra_trees,1,extra_trees__candidate_001,"{""classifier__max_depth"":null,""classifier__max_features"":""sqrt"",""classifier__min_samples_leaf"":1}",True,20,False,4,3,0.631788901194,0.00488643033789,0.627282601672,0.00663406262566,0.71916005174,0.00907484522045,0.739559513535,0.00689658760568,0.632922181195,0.00972639595484,0.701568369168,0.0171337002526
1,"14,19,2,21,4,42,50,54,56,59,6,66,72,73,74,75","0,1,10,11,12,13,15,16,17,18,20,22,23,24,25,26,27,28,29,3,30,31,32,33,34,35,36,37,38,40,41,43,44,45,46,47,48,49,5,51,52,53,55,57,58,60,61,62,63,64,65,67,7,70,71,76,77,8,80,81,82,9",extra_trees,2,extra_trees__candidate_002,"{""classifier__max_depth"":null,""classifier__max_features"":""sqrt"",""classifier__min_samples_leaf"":4}",True,7,False,4,3,0.648447410667,0.0070288408396,0.668607445905,0.00857495639158,0.718567422733,0.00608189474016,0.710721465185,0.00787414438184,0.610650893798,0.0127271141747,0.742028553558,0.00951753098428
1,"14,19,2,21,4,42,50,54,56,59,6,66,72,73,74,75","0,1,10,11,12,13,15,16,17,18,20,22,23,24,25,26,27,28,29,3,30,31,32,33,34,35,36,37,38,40,41,43,44,45,46,47,48,49,5,51,52,53,55,57,58,60,61,62,63,64,65,67,7,70,71,76,77,8,80,81,82,9",extra_trees,3,extra_trees__candidate_003,"{""classifier__max_depth"":null,""classifier__max_features"":0.5,""classifier__min_samples_leaf"":1}",True,16,False,4,3,0.634068214257,0.00380177207371,0.628487740456,0.00734859153079,0.721120399459,0.0066379057991,0.739899185443,0.00461680561766,0.633919483775,0.00710964031983,0.702510893312,0.016735226808
1,"14,19,2,21,4,42,50,54,56,59,6,66,72,73,74,75","0,1,10,11,12,13,15,16,17,18,20,22,23,24,25,26,27,28,29,3,30,31,32,33,34,35,36,37,38,40,41,43,44,45,46,47,48,49,5,51,52,53,55,57,58,60,61,62,63,64,65,67,7,70,71,76,77,8,80,81,82,9",extra_trees,4,extra_trees__candidate_004,"{""classifier__max_depth"":null,""classifier__max_features"":0.5,""classifier__min_samples_leaf"":4}",True,4,False,4,3,0.651429304599,0.00587319812332,0.665429924142,0.00767311639184,0.723804569555,0.00543470935039,0.718205308866,0.00572743878255,0.618558185516,0.0101676776742,0.719752261126,0.00974157965412
1,"14,19,2,21,4,42,50,54,56,59,6,66,72,73,74,75","0,1,10,11,12,13,15,16,17,18,20,22,23,24,25,26,27,28,29,3,30,31,32,33,34,35,36,37,38,40,41,43,44,45,46,47,48,49,5,51,52,53,55,57,58,60,61,62,63,64,65,67,7,70,71,76,77,8,80,81,82,9",extra_trees,5,extra_trees__candidate_005,"{""classifier__max_depth"":12,""classifier__max_features"":""sqrt"",""classifier__min_samples_leaf"":1}",True,21,False,4,3,0.615877060623,0.0119080289837,0.657099956344,0.0119277751706,0.687644431267,0.00827763108069,0.67450288837,0.007544840827,0.569012750191,0.012787912084,0.886767898649,0.00920368708973
1,"14,19,2,21,4,42,50,54,56,59,6,66,72,73,74,75","0,1,10,11,12,13,15,16,17,18,20,22,23,24,25,26,27,28,29,3,30,31,32,33,34,35,36,37,38,40,41,43,44,45,46,47,48,49,5,51,52,53,55,57,58,60,61,62,63,64,65,67,7,70,71,76,77,8,80,81,82,9",extra_trees,6,extra_trees__candidate_006,"{""classifier__max_depth"":12,""classifier__max_features"":""sqrt"",""classifier__min_samples_leaf"":4}",True,22,False,4,3,0.615714742516,0.0112061909292,0.657680048861,0.0108299615058,0.687043326695,0.0078513255391,0.673477498396,0.00756474158802,0.568032030563,0.0126060542384,0.889264228306,0.00851812921561
1,"14,19,2,21,4,42,50,54,56,59,6,66,72,73,74,75","0,1,10,11,12,13,15,16,17,18,20,22,23,24,25,26,27,28,29,3,30,31,32,33,34,35,36,37,38,40,41,43,44,45,46,47,48,49,5,51,52,53,55,57,58,60,61,62,63,64,65,67,7,70,71,76,77,8,80,81,82,9",extra_trees,7,extra_trees__candidate_007,"{""classifier__max_depth"":12,""classifier__max_features"":0.5,""classifier__min_samples_leaf"":1}",True,12,False,4,3,0.637690252667,0.00804229660636,0.669148473898,0.0106098536521,0.704075366251,0.00442705393828,0.688717117256,0.00746519429714,0.587401592543,0.0127528911607,0.793577935619,0.00495375036048
1,"14,19,2,21,4,42,50,54,56,59,6,66,72,73,74,75","0,1,10,11,12,13,15,16,17,18,20,22,23,24,25,26,27,28,29,3,30,31,32,33,34,35,36,37,38,40,41,43,44,45,46,47,48,49,5,51,52,53,55,57,58,60,61,62,63,64,65,67,7,70,71,76,77,8,80,81,82,9",extra_trees,8,extra_trees__candidate_008,"{""classifier__max_depth"":12,""classifier__max_features"":0.5,""classifier__min_samples_leaf"":4}",True,13,False,4,3,0.63632923536,0.00798659852849,0.66917409019,0.0102671788229,0.702619656703,0.00458243989262,0.686889231132,0.00717121516445,0.58544143091,0.0123989954647,0.797859156476,0.0050803323703
2,"1,10,11,18,23,24,27,28,3,32,52,61,63,67,71","0,12,13,14,15,16,17,19,2,20,21,22,25,26,29,30,31,33,34,35,36,37,38,4,40,41,42,43,44,45,46,47,48,49,5,50,51,53,54,55,56,57,58,59,6,60,62,64,65,66,7,70,72,73,74,75,76,77,8,80,81,82,9",dummy_prior,1,dummy_prior__candidate_001,{},False,,False,0,3,0.100010875502,0.00117246642324,0.2,2.77555756156e-17,0.16674963129,0.0045429759378,0.3334020044,0.00520263797887,0,0,1.42583667492,0.0229487415876
2,"1,10,11,18,23,24,27,28,3,32,52,61,63,67,71","0,12,13,14,15,16,17,19,2,20,21,22,25,26,29,30,31,33,34,35,36,37,38,4,40,41,42,43,44,45,46,47,48,49,5,50,51,53,54,55,56,57,58,59,6,60,62,64,65,66,7,70,72,73,74,75,76,77,8,80,81,82,9",logistic_regression,1,logistic_regression__candidate_001,"{""classifier__C"":0.1}",True,20,False,1,3,0.630123157115,0.0235492137648,0.673984361488,0.018934616698,0.697527897092,0.0260371292688,0.678854246289,0.0318457325597,0.576957326136,0.0363567575191,0.809251165788,0.0647491625206
2,"1,10,11,18,23,24,27,28,3,32,52,61,63,67,71","0,12,13,14,15,16,17,19,2,20,21,22,25,26,29,30,31,33,34,35,36,37,38,4,40,41,42,43,44,45,46,47,48,49,5,50,51,53,54,55,56,57,58,59,6,60,62,64,65,66,7,70,72,73,74,75,76,77,8,80,81,82,9",logistic_regression,2,logistic_regression__candidate_002,"{""classifier__C"":1.0}",True,18,False,1,3,0.630198081025,0.0240581077521,0.673600097731,0.0199710866765,0.697579165787,0.0271717646334,0.678827025824,0.0333030169246,0.576909290768,0.0380641882069,0.808887996101,0.068292219872
2,"1,10,11,18,23,24,27,28,3,32,52,61,63,67,71","0,12,13,14,15,16,17,19,2,20,21,22,25,26,29,30,31,33,34,35,36,37,38,4,40,41,42,43,44,45,46,47,48,49,5,50,51,53,54,55,56,57,58,59,6,60,62,64,65,66,7,70,72,73,74,75,76,77,8,80,81,82,9",logistic_regression,3,logistic_regression__candidate_003,"{""classifier__C"":10.0}",True,19,False,1,3,0.630166683441,0.0244546911271,0.673575820645,0.0206944531286,0.697492912693,0.0275911198394,0.678698510146,0.0338130421509,0.576778242921,0.0387276938062,0.809644501117,0.0695339921086
2,"1,10,11,18,23,24,27,28,3,32,52,61,63,67,71","0,12,13,14,15,16,17,19,2,20,21,22,25,26,29,30,31,33,34,35,36,37,38,4,40,41,42,43,44,45,46,47,48,49,5,50,51,53,54,55,56,57,58,59,6,60,62,64,65,66,7,70,72,73,74,75,76,77,8,80,81,82,9",sgd_logistic,1,sgd_logistic__candidate_001,"{""classifier__alpha"":1e-05,""classifier__penalty"":""l2""}",True,9,False,2,3,0.643360908466,0.0169250948137,0.664694386006,0.0111495698902,0.719076270269,0.0207112193462,0.721221305736,0.0245939020639,0.618777603405,0.0283943718864,0.793630951049,0.0626043348988
2,"1,10,11,18,23,24,27,28,3,32,52,61,63,67,71","0,12,13,14,15,16,17,19,2,20,21,22,25,26,29,30,31,33,34,35,36,37,38,4,40,41,42,43,44,45,46,47,48,49,5,50,51,53,54,55,56,57,58,59,6,60,62,64,65,66,7,70,72,73,74,75,76,77,8,80,81,82,9",sgd_logistic,2,sgd_logistic__candidate_002,"{""classifier__alpha"":0.0001,""classifier__penalty"":""l2""}",True,10,False,2,3,0.643196071996,0.0155500071983,0.662730577877,0.0101983834874,0.718408964768,0.0197043631562,0.719616055929,0.0231663203601,0.616627938028,0.0266240157846,0.759871619036,0.0516374518822
2,"1,10,11,18,23,24,27,28,3,32,52,61,63,67,71","0,12,13,14,15,16,17,19,2,20,21,22,25,26,29,30,31,33,34,35,36,37,38,4,40,41,42,43,44,45,46,47,48,49,5,50,51,53,54,55,56,57,58,59,6,60,62,64,65,66,7,70,72,73,74,75,76,77,8,80,81,82,9",sgd_logistic,3,sgd_logistic__candidate_003,"{""classifier__alpha"":0.001,""classifier__penalty"":""l2""}",True,14,False,2,3,0.637988605209,0.014989059582,0.656354916633,0.0101322943797,0.71326216176,0.0180631581447,0.713610755557,0.0212262832437,0.60850714615,0.024312489152,0.768093250998,0.0442146028804
2,"1,10,11,18,23,24,27,28,3,32,52,61,63,67,71","0,12,13,14,15,16,17,19,2,20,21,22,25,26,29,30,31,33,34,35,36,37,38,4,40,41,42,43,44,45,46,47,48,49,5,50,51,53,54,55,56,57,58,59,6,60,62,64,65,66,7,70,72,73,74,75,76,77,8,80,81,82,9",sgd_logistic,4,sgd_logistic__candidate_004,"{""classifier__alpha"":1e-05,""classifier__l1_ratio"":0.15,""classifier__penalty"":""elasticnet""}",True,23,False,2,3,0.51142746676,0.0130276297513,0.52867491489,0.0240123082797,0.568588475348,0.0176098063115,0.54339060725,0.0217490599152,0.400588737069,0.0206295812008,1.58936040027,0.100222639984
2,"1,10,11,18,23,24,27,28,3,32,52,61,63,67,71","0,12,13,14,15,16,17,19,2,20,21,22,25,26,29,30,31,33,34,35,36,37,38,4,40,41,42,43,44,45,46,47,48,49,5,50,51,53,54,55,56,57,58,59,6,60,62,64,65,66,7,70,72,73,74,75,76,77,8,80,81,82,9",sgd_logistic,5,sgd_logistic__candidate_005,"{""classifier__alpha"":1e-05,""classifier__l1_ratio"":0.5,""classifier__penalty"":""elasticnet""}",True,25,False,2,3,0.435511314468,0.0283305265646,0.473302752115,0.0517737536021,0.500176528203,0.0273838328666,0.479548769901,0.0285316206488,0.324084788597,0.0323377786879,2.17958902626,0.241699107888
2,"1,10,11,18,23,24,27,28,3,32,52,61,63,67,71","0,12,13,14,15,16,17,19,2,20,21,22,25,26,29,30,31,33,34,35,36,37,38,4,40,41,42,43,44,45,46,47,48,49,5,50,51,53,54,55,56,57,58,59,6,60,62,64,65,66,7,70,72,73,74,75,76,77,8,80,81,82,9",sgd_logistic,6,sgd_logistic__candidate_006,"{""classifier__alpha"":0.0001,""classifier__l1_ratio"":0.15,""classifier__penalty"":""elasticnet""}",True,24,False,2,3,0.478544774325,0.0159339386445,0.505117849628,0.00604434931541,0.546804522043,0.0286898931812,0.525191493024,0.0269254697253,0.377891220641,0.0247619741495,1.43806142634,0.16534241761
2,"1,10,11,18,23,24,27,28,3,32,52,61,63,67,71","0,12,13,14,15,16,17,19,2,20,21,22,25,26,29,30,31,33,34,35,36,37,38,4,40,41,42,43,44,45,46,47,48,49,5,50,51,53,54,55,56,57,58,59,6,60,62,64,65,66,7,70,72,73,74,75,76,77,8,80,81,82,9",sgd_logistic,7,sgd_logistic__candidate_007,"{""classifier__alpha"":0.0001,""classifier__l1_ratio"":0.5,""classifier__penalty"":""elasticnet""}",True,26,False,2,3,0.411744551313,0.0208814059913,0.451064235649,0.0258195379405,0.469184799376,0.0238881362149,0.448783720177,0.0226893431267,0.290409792248,0.0171043069156,1.94278178373,0.149409415331
2,"1,10,11,18,23,24,27,28,3,32,52,61,63,67,71","0,12,13,14,15,16,17,19,2,20,21,22,25,26,29,30,31,33,34,35,36,37,38,4,40,41,42,43,44,45,46,47,48,49,5,50,51,53,54,55,56,57,58,59,6,60,62,64,65,66,7,70,72,73,74,75,76,77,8,80,81,82,9",sgd_logistic,8,sgd_logistic__candidate_008,"{""classifier__alpha"":0.001,""classifier__l1_ratio"":0.15,""classifier__penalty"":""elasticnet""}",True,27,False,2,3,0.330536643388,0.0464210249343,0.331226831785,0.0491304092232,0.43683779589,0.0310332710713,0.433402345248,0.0335297228934,0.227886652271,0.0489196837582,1.897559175,0.299941400314
2,"1,10,11,18,23,24,27,28,3,32,52,61,63,67,71","0,12,13,14,15,16,17,19,2,20,21,22,25,26,29,30,31,33,34,35,36,37,38,4,40,41,42,43,44,45,46,47,48,49,5,50,51,53,54,55,56,57,58,59,6,60,62,64,65,66,7,70,72,73,74,75,76,77,8,80,81,82,9",sgd_logistic,9,sgd_logistic__candidate_009,"{""classifier__alpha"":0.001,""classifier__l1_ratio"":0.5,""classifier__penalty"":""elasticnet""}",True,28,False,2,3,0.26085499939,0.0269465481855,0.254774223136,0.0307558054642,0.320622488136,0.0607131513124,0.30376947227,0.0653496596421,0.0774616708325,0.0743726168451,2.62838929849,0.350591575915
2,"1,10,11,18,23,24,27,28,3,32,52,61,63,67,71","0,12,13,14,15,16,17,19,2,20,21,22,25,26,29,30,31,33,34,35,36,37,38,4,40,41,42,43,44,45,46,47,48,49,5,50,51,53,54,55,56,57,58,59,6,60,62,64,65,66,7,70,72,73,74,75,76,77,8,80,81,82,9",random_forest,1,random_forest__candidate_001,"{""classifier__max_depth"":null,""classifier__max_features"":""sqrt"",""classifier__min_samples_leaf"":1}",True,12,False,3,3,0.639900684234,0.00443427359208,0.632879842198,0.00263123666005,0.721603375633,0.0120051076932,0.739491195305,0.0134096616737,0.63256137136,0.0141881983795,0.696414829603,0.04296209689
2,"1,10,11,18,23,24,27,28,3,32,52,61,63,67,71","0,12,13,14,15,16,17,19,2,20,21,22,25,26,29,30,31,33,34,35,36,37,38,4,40,41,42,43,44,45,46,47,48,49,5,50,51,53,54,55,56,57,58,59,6,60,62,64,65,66,7,70,72,73,74,75,76,77,8,80,81,82,9",random_forest,2,random_forest__candidate_002,"{""classifier__max_depth"":null,""classifier__max_features"":""sqrt"",""classifier__min_samples_leaf"":4}",True,1,True,3,3,0.658093951142,0.0111550728676,0.665531895433,0.00577795417579,0.729439322035,0.0156333305226,0.729714557869,0.0187840939455,0.629060847588,0.0211720279293,0.694353138285,0.0456687758385
2,"1,10,11,18,23,24,27,28,3,32,52,61,63,67,71","0,12,13,14,15,16,17,19,2,20,21,22,25,26,29,30,31,33,34,35,36,37,38,4,40,41,42,43,44,45,46,47,48,49,5,50,51,53,54,55,56,57,58,59,6,60,62,64,65,66,7,70,72,73,74,75,76,77,8,80,81,82,9",random_forest,3,random_forest__candidate_003,"{""classifier__max_depth"":null,""classifier__max_features"":0.5,""classifier__min_samples_leaf"":1}",True,11,False,3,3,0.640170517936,0.00578797692787,0.633382060649,0.00216165940314,0.721521408962,0.0126085237802,0.737938427265,0.0140379247443,0.631054360696,0.0152319757617,0.716607824407,0.0428063308015
2,"1,10,11,18,23,24,27,28,3,32,52,61,63,67,71","0,12,13,14,15,16,17,19,2,20,21,22,25,26,29,30,31,33,34,35,36,37,38,4,40,41,42,43,44,45,46,47,48,49,5,50,51,53,54,55,56,57,58,59,6,60,62,64,65,66,7,70,72,73,74,75,76,77,8,80,81,82,9",random_forest,4,random_forest__candidate_004,"{""classifier__max_depth"":null,""classifier__max_features"":0.5,""classifier__min_samples_leaf"":4}",True,2,False,3,3,0.657522807052,0.0101627524049,0.663375344044,0.00558323797746,0.72955159199,0.0147611482944,0.7301579898,0.0176326402286,0.629224816353,0.0199312390284,0.697444711507,0.0467282185211
2,"1,10,11,18,23,24,27,28,3,32,52,61,63,67,71","0,12,13,14,15,16,17,19,2,20,21,22,25,26,29,30,31,33,34,35,36,37,38,4,40,41,42,43,44,45,46,47,48,49,5,50,51,53,54,55,56,57,58,59,6,60,62,64,65,66,7,70,72,73,74,75,76,77,8,80,81,82,9",random_forest,5,random_forest__candidate_005,"{""classifier__max_depth"":12,""classifier__max_features"":""sqrt"",""classifier__min_samples_leaf"":1}",True,6,False,3,3,0.654083343008,0.0169386652708,0.675108248858,0.01388840905,0.718884948935,0.0205729104252,0.70669518882,0.0243181522543,0.606189234912,0.0279169124239,0.736374146491,0.0479100887218
2,"1,10,11,18,23,24,27,28,3,32,52,61,63,67,71","0,12,13,14,15,16,17,19,2,20,21,22,25,26,29,30,31,33,34,35,36,37,38,4,40,41,42,43,44,45,46,47,48,49,5,50,51,53,54,55,56,57,58,59,6,60,62,64,65,66,7,70,72,73,74,75,76,77,8,80,81,82,9",random_forest,6,random_forest__candidate_006,"{""classifier__max_depth"":12,""classifier__max_features"":""sqrt"",""classifier__min_samples_leaf"":4}",True,7,False,3,3,0.652110941106,0.0180143372836,0.675497104891,0.0151384375215,0.716839194248,0.0213651370711,0.703722944225,0.0252266618971,0.603110174343,0.0290072699329,0.741507285624,0.0490775277725
2,"1,10,11,18,23,24,27,28,3,32,52,61,63,67,71","0,12,13,14,15,16,17,19,2,20,21,22,25,26,29,30,31,33,34,35,36,37,38,4,40,41,42,43,44,45,46,47,48,49,5,50,51,53,54,55,56,57,58,59,6,60,62,64,65,66,7,70,72,73,74,75,76,77,8,80,81,82,9",random_forest,7,random_forest__candidate_007,"{""classifier__max_depth"":12,""classifier__max_features"":0.5,""classifier__min_samples_leaf"":1}",True,4,False,3,3,0.655337403005,0.0154496674107,0.675241881809,0.013613511947,0.7195267285,0.0189578023665,0.706205391685,0.0219746913555,0.605836003395,0.0254225233845,0.730958795186,0.0493227848853
2,"1,10,11,18,23,24,27,28,3,32,52,61,63,67,71","0,12,13,14,15,16,17,19,2,20,21,22,25,26,29,30,31,33,34,35,36,37,38,4,40,41,42,43,44,45,46,47,48,49,5,50,51,53,54,55,56,57,58,59,6,60,62,64,65,66,7,70,72,73,74,75,76,77,8,80,81,82,9",random_forest,8,random_forest__candidate_008,"{""classifier__max_depth"":12,""classifier__max_features"":0.5,""classifier__min_samples_leaf"":4}",True,5,False,3,3,0.65428841875,0.0156844834145,0.676082105031,0.0137743629263,0.718529134815,0.0190962337127,0.704588569336,0.0221438709453,0.604310923279,0.0255645739843,0.735598482917,0.0496198903992
2,"1,10,11,18,23,24,27,28,3,32,52,61,63,67,71","0,12,13,14,15,16,17,19,2,20,21,22,25,26,29,30,31,33,34,35,36,37,38,4,40,41,42,43,44,45,46,47,48,49,5,50,51,53,54,55,56,57,58,59,6,60,62,64,65,66,7,70,72,73,74,75,76,77,8,80,81,82,9",extra_trees,1,extra_trees__candidate_001,"{""classifier__max_depth"":null,""classifier__max_features"":""sqrt"",""classifier__min_samples_leaf"":1}",True,15,False,4,3,0.636496596898,0.00632285687968,0.632334546932,0.00106266313779,0.718394419168,0.0143695229348,0.737535240026,0.0172440670944,0.629896174039,0.018900790462,0.698234947357,0.0482518961948
2,"1,10,11,18,23,24,27,28,3,32,52,61,63,67,71","0,12,13,14,15,16,17,19,2,20,21,22,25,26,29,30,31,33,34,35,36,37,38,4,40,41,42,43,44,45,46,47,48,49,5,50,51,53,54,55,56,57,58,59,6,60,62,64,65,66,7,70,72,73,74,75,76,77,8,80,81,82,9",extra_trees,2,extra_trees__candidate_002,"{""classifier__max_depth"":null,""classifier__max_features"":""sqrt"",""classifier__min_samples_leaf"":4}",True,8,False,4,3,0.649511126147,0.020954416326,0.672900034465,0.0144272228806,0.718432067582,0.0241218160774,0.71097630551,0.0290683848487,0.610137810442,0.0336457542903,0.735237504168,0.0539896915053
2,"1,10,11,18,23,24,27,28,3,32,52,61,63,67,71","0,12,13,14,15,16,17,19,2,20,21,22,25,26,29,30,31,33,34,35,36,37,38,4,40,41,42,43,44,45,46,47,48,49,5,50,51,53,54,55,56,57,58,59,6,60,62,64,65,66,7,70,72,73,74,75,76,77,8,80,81,82,9",extra_trees,3,extra_trees__candidate_003,"{""classifier__max_depth"":null,""classifier__max_features"":0.5,""classifier__min_samples_leaf"":1}",True,13,False,4,3,0.638799836494,0.0039757654339,0.6332287527,0.00168392424169,0.720517528346,0.0133593081232,0.738433113941,0.0148487661163,0.631359395583,0.01584561345,0.698981633286,0.0427297587558
2,"1,10,11,18,23,24,27,28,3,32,52,61,63,67,71","0,12,13,14,15,16,17,19,2,20,21,22,25,26,29,30,31,33,34,35,36,37,38,4,40,41,42,43,44,45,46,47,48,49,5,50,51,53,54,55,56,57,58,59,6,60,62,64,65,66,7,70,72,73,74,75,76,77,8,80,81,82,9",extra_trees,4,extra_trees__candidate_004,"{""classifier__max_depth"":null,""classifier__max_features"":0.5,""classifier__min_samples_leaf"":4}",True,3,False,4,3,0.655940847319,0.016025101878,0.671700951242,0.0106471483511,0.725494703363,0.0192544332695,0.720510544606,0.0233047325918,0.620348437508,0.0270035796889,0.709463341181,0.0519184753151
2,"1,10,11,18,23,24,27,28,3,32,52,61,63,67,71","0,12,13,14,15,16,17,19,2,20,21,22,25,26,29,30,31,33,34,35,36,37,38,4,40,41,42,43,44,45,46,47,48,49,5,50,51,53,54,55,56,57,58,59,6,60,62,64,65,66,7,70,72,73,74,75,76,77,8,80,81,82,9",extra_trees,5,extra_trees__candidate_005,"{""classifier__max_depth"":12,""classifier__max_features"":""sqrt"",""classifier__min_samples_leaf"":1}",True,21,False,4,3,0.609810831119,0.0298313776953,0.657379781835,0.023865863147,0.681839886936,0.0319376726191,0.669039160469,0.0366860855679,0.561619156725,0.0425551923382,0.890294996279,0.0505255321157
2,"1,10,11,18,23,24,27,28,3,32,52,61,63,67,71","0,12,13,14,15,16,17,19,2,20,21,22,25,26,29,30,31,33,34,35,36,37,38,4,40,41,42,43,44,45,46,47,48,49,5,50,51,53,54,55,56,57,58,59,6,60,62,64,65,66,7,70,72,73,74,75,76,77,8,80,81,82,9",extra_trees,6,extra_trees__candidate_006,"{""classifier__max_depth"":12,""classifier__max_features"":""sqrt"",""classifier__min_samples_leaf"":4}",True,22,False,4,3,0.608150759984,0.0305233894328,0.657490762733,0.0239641589477,0.680079759838,0.0324942158958,0.666542258953,0.0372328949022,0.559125540902,0.0430578739034,0.893852268614,0.0500806550324
2,"1,10,11,18,23,24,27,28,3,32,52,61,63,67,71","0,12,13,14,15,16,17,19,2,20,21,22,25,26,29,30,31,33,34,35,36,37,38,4,40,41,42,43,44,45,46,47,48,49,5,50,51,53,54,55,56,57,58,59,6,60,62,64,65,66,7,70,72,73,74,75,76,77,8,80,81,82,9",extra_trees,7,extra_trees__candidate_007,"{""classifier__max_depth"":12,""classifier__max_features"":0.5,""classifier__min_samples_leaf"":1}",True,16,False,4,3,0.636293563223,0.0232826928537,0.672254020644,0.01918006337,0.70366163598,0.0263258134103,0.690031562123,0.03096213006,0.587550042653,0.0356570641156,0.789114704079,0.0503484813895
2,"1,10,11,18,23,24,27,28,3,32,52,61,63,67,71","0,12,13,14,15,16,17,19,2,20,21,22,25,26,29,30,31,33,34,35,36,37,38,4,40,41,42,43,44,45,46,47,48,49,5,50,51,53,54,55,56,57,58,59,6,60,62,64,65,66,7,70,72,73,74,75,76,77,8,80,81,82,9",extra_trees,8,extra_trees__candidate_008,"{""classifier__max_depth"":12,""classifier__max_features"":0.5,""classifier__min_samples_leaf"":4}",True,17,False,4,3,0.636134035069,0.0232793777091,0.673001886665,0.0193566727866,0.703602320104,0.0259604731122,0.689646198071,0.0305837269316,0.58734901482,0.0352211266912,0.791941268031,0.050157921438
3,"16,33,38,41,48,49,5,51,53,58,60,65,7,70,80","0,1,10,11,12,13,14,15,17,18,19,2,20,21,22,23,24,25,26,27,28,29,3,30,31,32,34,35,36,37,4,40,42,43,44,45,46,47,50,52,54,55,56,57,59,6,61,62,63,64,66,67,71,72,73,74,75,76,77,8,81,82,9",dummy_prior,1,dummy_prior__candidate_001,{},False,,False,0,3,0.0947092153986,0.00810403832076,0.2,2.77555756156e-17,0.148742212186,0.0286624368811,0.311144144589,0.0345837458416,0,0,1.43946339224,0.00777566336959
3,"16,33,38,41,48,49,5,51,53,58,60,65,7,70,80","0,1,10,11,12,13,14,15,17,18,19,2,20,21,22,23,24,25,26,27,28,29,3,30,31,32,34,35,36,37,4,40,42,43,44,45,46,47,50,52,54,55,56,57,59,6,61,62,63,64,66,67,71,72,73,74,75,76,77,8,81,82,9",logistic_regression,1,logistic_regression__candidate_001,"{""classifier__C"":0.1}",True,18,False,1,3,0.627632325333,0.0184049402576,0.66816203446,0.0166062642138,0.691770060944,0.0241620163271,0.671501711981,0.0312096793706,0.568187324968,0.0373176152087,0.830432585094,0.0667592308326
3,"16,33,38,41,48,49,5,51,53,58,60,65,7,70,80","0,1,10,11,12,13,14,15,17,18,19,2,20,21,22,23,24,25,26,27,28,29,3,30,31,32,34,35,36,37,4,40,42,43,44,45,46,47,50,52,54,55,56,57,59,6,61,62,63,64,66,67,71,72,73,74,75,76,77,8,81,82,9",logistic_regression,2,logistic_regression__candidate_002,"{""classifier__C"":1.0}",True,19,False,1,3,0.627539701323,0.0183467094218,0.668208412077,0.0167555688926,0.691886342507,0.0242761347197,0.671507616459,0.0315822767084,0.568278855482,0.0376618036951,0.829505903648,0.0666155546717
3,"16,33,38,41,48,49,5,51,53,58,60,65,7,70,80","0,1,10,11,12,13,14,15,17,18,19,2,20,21,22,23,24,25,26,27,28,29,3,30,31,32,34,35,36,37,4,40,42,43,44,45,46,47,50,52,54,55,56,57,59,6,61,62,63,64,66,67,71,72,73,74,75,76,77,8,81,82,9",logistic_regression,3,logistic_regression__candidate_003,"{""classifier__C"":10.0}",True,20,False,1,3,0.627410056734,0.0177598659641,0.668191477887,0.0163317230426,0.691925605632,0.0237705572593,0.6715333127,0.0311201144485,0.568331784785,0.0370433571792,0.829849779466,0.0665965747694
3,"16,33,38,41,48,49,5,51,53,58,60,65,7,70,80","0,1,10,11,12,13,14,15,17,18,19,2,20,21,22,23,24,25,26,27,28,29,3,30,31,32,34,35,36,37,4,40,42,43,44,45,46,47,50,52,54,55,56,57,59,6,61,62,63,64,66,67,71,72,73,74,75,76,77,8,81,82,9",sgd_logistic,1,sgd_logistic__candidate_001,"{""classifier__alpha"":1e-05,""classifier__penalty"":""l2""}",True,9,False,2,3,0.63924395836,0.0141290084196,0.659020298656,0.0102274978823,0.713217493502,0.0182274951433,0.712542974165,0.0258573143333,0.608451255368,0.0318586939984,0.827521632679,0.0518368343929
3,"16,33,38,41,48,49,5,51,53,58,60,65,7,70,80","0,1,10,11,12,13,14,15,17,18,19,2,20,21,22,23,24,25,26,27,28,29,3,30,31,32,34,35,36,37,4,40,42,43,44,45,46,47,50,52,54,55,56,57,59,6,61,62,63,64,66,67,71,72,73,74,75,76,77,8,81,82,9",sgd_logistic,2,sgd_logistic__candidate_002,"{""classifier__alpha"":0.0001,""classifier__penalty"":""l2""}",True,10,False,2,3,0.638457771088,0.0148629184753,0.656452273571,0.0105303104658,0.711968585541,0.0189127927193,0.711010594581,0.0258324194918,0.606237783934,0.0320333022365,0.784310514911,0.052132764775
3,"16,33,38,41,48,49,5,51,53,58,60,65,7,70,80","0,1,10,11,12,13,14,15,17,18,19,2,20,21,22,23,24,25,26,27,28,29,3,30,31,32,34,35,36,37,4,40,42,43,44,45,46,47,50,52,54,55,56,57,59,6,61,62,63,64,66,67,71,72,73,74,75,76,77,8,81,82,9",sgd_logistic,3,sgd_logistic__candidate_003,"{""classifier__alpha"":0.001,""classifier__penalty"":""l2""}",True,14,False,2,3,0.633646089089,0.0155983860598,0.649502298944,0.0126044233927,0.706471247244,0.0189826498594,0.704883452161,0.0253897757873,0.597806436729,0.0316155495506,0.791337056812,0.0550284788949
3,"16,33,38,41,48,49,5,51,53,58,60,65,7,70,80","0,1,10,11,12,13,14,15,17,18,19,2,20,21,22,23,24,25,26,27,28,29,3,30,31,32,34,35,36,37,4,40,42,43,44,45,46,47,50,52,54,55,56,57,59,6,61,62,63,64,66,67,71,72,73,74,75,76,77,8,81,82,9",sgd_logistic,4,sgd_logistic__candidate_004,"{""classifier__alpha"":1e-05,""classifier__l1_ratio"":0.15,""classifier__penalty"":""elasticnet""}",True,23,False,2,3,0.517644328467,0.056589484531,0.532684468194,0.0507291022506,0.566722117303,0.0633535576566,0.542183429418,0.0710395189135,0.404785876756,0.0771885613754,1.77501889125,0.39882097487
3,"16,33,38,41,48,49,5,51,53,58,60,65,7,70,80","0,1,10,11,12,13,14,15,17,18,19,2,20,21,22,23,24,25,26,27,28,29,3,30,31,32,34,35,36,37,4,40,42,43,44,45,46,47,50,52,54,55,56,57,59,6,61,62,63,64,66,67,71,72,73,74,75,76,77,8,81,82,9",sgd_logistic,5,sgd_logistic__candidate_005,"{""classifier__alpha"":1e-05,""classifier__l1_ratio"":0.5,""classifier__penalty"":""elasticnet""}",True,24,False,2,3,0.44785490172,0.0651011289657,0.460944645521,0.0493291980815,0.480251659878,0.0840005796509,0.45913887815,0.0878352366405,0.308191931193,0.0919288607438,2.48240662184,0.741680718602
3,"16,33,38,41,48,49,5,51,53,58,60,65,7,70,80","0,1,10,11,12,13,14,15,17,18,19,2,20,21,22,23,24,25,26,27,28,29,3,30,31,32,34,35,36,37,4,40,42,43,44,45,46,47,50,52,54,55,56,57,59,6,61,62,63,64,66,67,71,72,73,74,75,76,77,8,81,82,9",sgd_logistic,6,sgd_logistic__candidate_006,"{""classifier__alpha"":0.0001,""classifier__l1_ratio"":0.15,""classifier__penalty"":""elasticnet""}",True,26,False,2,3,0.386708287677,0.0639899160606,0.403739618132,0.0523159307539,0.499175667431,0.0590941010938,0.493126759774,0.069766150114,0.327975120823,0.0688214069069,1.72781942853,0.270233777671
3,"16,33,38,41,48,49,5,51,53,58,60,65,7,70,80","0,1,10,11,12,13,14,15,17,18,19,2,20,21,22,23,24,25,26,27,28,29,3,30,31,32,34,35,36,37,4,40,42,43,44,45,46,47,50,52,54,55,56,57,59,6,61,62,63,64,66,67,71,72,73,74,75,76,77,8,81,82,9",sgd_logistic,7,sgd_logistic__candidate_007,"{""classifier__alpha"":0.0001,""classifier__l1_ratio"":0.5,""classifier__penalty"":""elasticnet""}",True,25,False,2,3,0.39640807062,0.054023183925,0.428147816288,0.0506798250724,0.444661408024,0.0641596601666,0.4237439274,0.0637483062354,0.26867516055,0.0595382723776,2.15090355083,0.439560099856
3,"16,33,38,41,48,49,5,51,53,58,60,65,7,70,80","0,1,10,11,12,13,14,15,17,18,19,2,20,21,22,23,24,25,26,27,28,29,3,30,31,32,34,35,36,37,4,40,42,43,44,45,46,47,50,52,54,55,56,57,59,6,61,62,63,64,66,67,71,72,73,74,75,76,77,8,81,82,9",sgd_logistic,8,sgd_logistic__candidate_008,"{""classifier__alpha"":0.001,""classifier__l1_ratio"":0.15,""classifier__penalty"":""elasticnet""}",True,27,False,2,3,0.289388412396,0.0260645069528,0.298547152018,0.0403802164807,0.382131468923,0.048974451326,0.368583289186,0.0449879122999,0.159819784479,0.0761558556142,2.00561921475,0.136365350301
3,"16,33,38,41,48,49,5,51,53,58,60,65,7,70,80","0,1,10,11,12,13,14,15,17,18,19,2,20,21,22,23,24,25,26,27,28,29,3,30,31,32,34,35,36,37,4,40,42,43,44,45,46,47,50,52,54,55,56,57,59,6,61,62,63,64,66,67,71,72,73,74,75,76,77,8,81,82,9",sgd_logistic,9,sgd_logistic__candidate_009,"{""classifier__alpha"":0.001,""classifier__l1_ratio"":0.5,""classifier__penalty"":""elasticnet""}",True,28,False,2,3,0.222620169714,0.0258987456721,0.231701154788,0.0300306328662,0.309540813049,0.0538170229443,0.296172499602,0.0430549277825,0.0746918458313,0.0687286765739,2.71555283247,0.25016373393
3,"16,33,38,41,48,49,5,51,53,58,60,65,7,70,80","0,1,10,11,12,13,14,15,17,18,19,2,20,21,22,23,24,25,26,27,28,29,3,30,31,32,34,35,36,37,4,40,42,43,44,45,46,47,50,52,54,55,56,57,59,6,61,62,63,64,66,67,71,72,73,74,75,76,77,8,81,82,9",random_forest,1,random_forest__candidate_001,"{""classifier__max_depth"":null,""classifier__max_features"":""sqrt"",""classifier__min_samples_leaf"":1}",True,17,False,3,3,0.631363565128,0.0126760800766,0.624680791041,0.0141211630892,0.712105329123,0.0165170991633,0.73019541391,0.0193052102217,0.62000261558,0.026396451096,0.718941944016,0.0450345588814
3,"16,33,38,41,48,49,5,51,53,58,60,65,7,70,80","0,1,10,11,12,13,14,15,17,18,19,2,20,21,22,23,24,25,26,27,28,29,3,30,31,32,34,35,36,37,4,40,42,43,44,45,46,47,50,52,54,55,56,57,59,6,61,62,63,64,66,67,71,72,73,74,75,76,77,8,81,82,9",random_forest,2,random_forest__candidate_002,"{""classifier__max_depth"":null,""classifier__max_features"":""sqrt"",""classifier__min_samples_leaf"":4}",True,1,True,3,3,0.654018138511,0.0101426160505,0.660236182023,0.0115057768673,0.723375172245,0.0159713887273,0.722990348417,0.021207934642,0.620539785926,0.0274301940646,0.71664457047,0.052362782439
3,"16,33,38,41,48,49,5,51,53,58,60,65,7,70,80","0,1,10,11,12,13,14,15,17,18,19,2,20,21,22,23,24,25,26,27,28,29,3,30,31,32,34,35,36,37,4,40,42,43,44,45,46,47,50,52,54,55,56,57,59,6,61,62,63,64,66,67,71,72,73,74,75,76,77,8,81,82,9",random_forest,3,random_forest__candidate_003,"{""classifier__max_depth"":null,""classifier__max_features"":0.5,""classifier__min_samples_leaf"":1}",True,15,False,3,3,0.632913557028,0.0130366582728,0.626238733535,0.014160117328,0.713335320675,0.0165308029137,0.730204115392,0.0190354243939,0.620560448773,0.0260540047672,0.733214971371,0.0474807002896
3,"16,33,38,41,48,49,5,51,53,58,60,65,7,70,80","0,1,10,11,12,13,14,15,17,18,19,2,20,21,22,23,24,25,26,27,28,29,3,30,31,32,34,35,36,37,4,40,42,43,44,45,46,47,50,52,54,55,56,57,59,6,61,62,63,64,66,67,71,72,73,74,75,76,77,8,81,82,9",random_forest,4,random_forest__candidate_004,"{""classifier__max_depth"":null,""classifier__max_features"":0.5,""classifier__min_samples_leaf"":4}",True,4,False,3,3,0.652025854941,0.0095351946848,0.656621870545,0.0113032502744,0.722326709135,0.015425689987,0.7231341529,0.0203392260522,0.619931976402,0.0264830284484,0.714524522782,0.0508424528353
3,"16,33,38,41,48,49,5,51,53,58,60,65,7,70,80","0,1,10,11,12,13,14,15,17,18,19,2,20,21,22,23,24,25,26,27,28,29,3,30,31,32,34,35,36,37,4,40,42,43,44,45,46,47,50,52,54,55,56,57,59,6,61,62,63,64,66,67,71,72,73,74,75,76,77,8,81,82,9",random_forest,5,random_forest__candidate_005,"{""classifier__max_depth"":12,""classifier__max_features"":""sqrt"",""classifier__min_samples_leaf"":1}",True,6,False,3,3,0.651142724943,0.0148858305771,0.669516935103,0.0152353165253,0.713077951643,0.0207388392856,0.699313425358,0.0281760582483,0.597161836807,0.034903771551,0.751825028198,0.0548722791236
3,"16,33,38,41,48,49,5,51,53,58,60,65,7,70,80","0,1,10,11,12,13,14,15,17,18,19,2,20,21,22,23,24,25,26,27,28,29,3,30,31,32,34,35,36,37,4,40,42,43,44,45,46,47,50,52,54,55,56,57,59,6,61,62,63,64,66,67,71,72,73,74,75,76,77,8,81,82,9",random_forest,6,random_forest__candidate_006,"{""classifier__max_depth"":12,""classifier__max_features"":""sqrt"",""classifier__min_samples_leaf"":4}",True,7,False,3,3,0.650197855688,0.0143738477109,0.670509301221,0.0147209786338,0.711844625933,0.0204890458092,0.697430310121,0.0278579910933,0.595345376291,0.034388500961,0.756803842962,0.0552132260402
3,"16,33,38,41,48,49,5,51,53,58,60,65,7,70,80","0,1,10,11,12,13,14,15,17,18,19,2,20,21,22,23,24,25,26,27,28,29,3,30,31,32,34,35,36,37,4,40,42,43,44,45,46,47,50,52,54,55,56,57,59,6,61,62,63,64,66,67,71,72,73,74,75,76,77,8,81,82,9",random_forest,7,random_forest__candidate_007,"{""classifier__max_depth"":12,""classifier__max_features"":0.5,""classifier__min_samples_leaf"":1}",True,3,False,3,3,0.652469197327,0.013846981644,0.668090137981,0.0152409537214,0.71429272775,0.02006266249,0.700302170667,0.0267727649781,0.59811446809,0.0335377098388,0.743909953101,0.0563273193312
3,"16,33,38,41,48,49,5,51,53,58,60,65,7,70,80","0,1,10,11,12,13,14,15,17,18,19,2,20,21,22,23,24,25,26,27,28,29,3,30,31,32,34,35,36,37,4,40,42,43,44,45,46,47,50,52,54,55,56,57,59,6,61,62,63,64,66,67,71,72,73,74,75,76,77,8,81,82,9",random_forest,8,random_forest__candidate_008,"{""classifier__max_depth"":12,""classifier__max_features"":0.5,""classifier__min_samples_leaf"":4}",True,5,False,3,3,0.651848784478,0.013331564503,0.669908225864,0.0144486427847,0.713049714344,0.0201730876399,0.69834860112,0.0268582115124,0.596329084156,0.0335088817858,0.748717648377,0.0559409858584
3,"16,33,38,41,48,49,5,51,53,58,60,65,7,70,80","0,1,10,11,12,13,14,15,17,18,19,2,20,21,22,23,24,25,26,27,28,29,3,30,31,32,34,35,36,37,4,40,42,43,44,45,46,47,50,52,54,55,56,57,59,6,61,62,63,64,66,67,71,72,73,74,75,76,77,8,81,82,9",extra_trees,1,extra_trees__candidate_001,"{""classifier__max_depth"":null,""classifier__max_features"":""sqrt"",""classifier__min_samples_leaf"":1}",True,16,False,4,3,0.631662912108,0.0118532247295,0.626794488053,0.0136665501574,0.712189584852,0.0165193362387,0.730744361608,0.0196880445986,0.620855877309,0.0268511329138,0.717668677994,0.0474810921092
3,"16,33,38,41,48,49,5,51,53,58,60,65,7,70,80","0,1,10,11,12,13,14,15,17,18,19,2,20,21,22,23,24,25,26,27,28,29,3,30,31,32,34,35,36,37,4,40,42,43,44,45,46,47,50,52,54,55,56,57,59,6,61,62,63,64,66,67,71,72,73,74,75,76,77,8,81,82,9",extra_trees,2,extra_trees__candidate_002,"{""classifier__max_depth"":null,""classifier__max_features"":""sqrt"",""classifier__min_samples_leaf"":4}",True,8,False,4,3,0.648260011934,0.0125813102632,0.668950921333,0.0123581853342,0.714134540236,0.0188850205572,0.70574736514,0.0259958764391,0.603425529517,0.0322579147871,0.753789450106,0.0565187858229
3,"16,33,38,41,48,49,5,51,53,58,60,65,7,70,80","0,1,10,11,12,13,14,15,17,18,19,2,20,21,22,23,24,25,26,27,28,29,3,30,31,32,34,35,36,37,4,40,42,43,44,45,46,47,50,52,54,55,56,57,59,6,61,62,63,64,66,67,71,72,73,74,75,76,77,8,81,82,9",extra_trees,3,extra_trees__candidate_003,"{""classifier__max_depth"":null,""classifier__max_features"":0.5,""classifier__min_samples_leaf"":1}",True,13,False,4,3,0.634024883137,0.014292310027,0.627879083405,0.0158434013227,0.714070836263,0.0175235696306,0.731454751702,0.019977633422,0.622136771219,0.027546503354,0.717433781478,0.0464720629119
3,"16,33,38,41,48,49,5,51,53,58,60,65,7,70,80","0,1,10,11,12,13,14,15,17,18,19,2,20,21,22,23,24,25,26,27,28,29,3,30,31,32,34,35,36,37,4,40,42,43,44,45,46,47,50,52,54,55,56,57,59,6,61,62,63,64,66,67,71,72,73,74,75,76,77,8,81,82,9",extra_trees,4,extra_trees__candidate_004,"{""classifier__max_depth"":null,""classifier__max_features"":0.5,""classifier__min_samples_leaf"":4}",True,2,False,4,3,0.652990795744,0.0103290438025,0.66707265267,0.0113265949647,0.720128824745,0.0169107956396,0.714422879167,0.0230794655482,0.612650088456,0.0292287341707,0.730078292006,0.0559881165897
3,"16,33,38,41,48,49,5,51,53,58,60,65,7,70,80","0,1,10,11,12,13,14,15,17,18,19,2,20,21,22,23,24,25,26,27,28,29,3,30,31,32,34,35,36,37,4,40,42,43,44,45,46,47,50,52,54,55,56,57,59,6,61,62,63,64,66,67,71,72,73,74,75,76,77,8,81,82,9",extra_trees,5,extra_trees__candidate_005,"{""classifier__max_depth"":12,""classifier__max_features"":""sqrt"",""classifier__min_samples_leaf"":1}",True,21,False,4,3,0.612954235808,0.0185439949544,0.655346854646,0.0158467092579,0.678622027911,0.0235604218826,0.663208374294,0.0313171040718,0.554785936961,0.0367338624501,0.906477269986,0.0508432830118
3,"16,33,38,41,48,49,5,51,53,58,60,65,7,70,80","0,1,10,11,12,13,14,15,17,18,19,2,20,21,22,23,24,25,26,27,28,29,3,30,31,32,34,35,36,37,4,40,42,43,44,45,46,47,50,52,54,55,56,57,59,6,61,62,63,64,66,67,71,72,73,74,75,76,77,8,81,82,9",extra_trees,6,extra_trees__candidate_006,"{""classifier__max_depth"":12,""classifier__max_features"":""sqrt"",""classifier__min_samples_leaf"":4}",True,22,False,4,3,0.612095065264,0.0182827613758,0.65482481276,0.0155556460112,0.677417805342,0.023458170272,0.661739249457,0.0312625207211,0.55315295596,0.0366076146783,0.909623589435,0.0504264689565
3,"16,33,38,41,48,49,5,51,53,58,60,65,7,70,80","0,1,10,11,12,13,14,15,17,18,19,2,20,21,22,23,24,25,26,27,28,29,3,30,31,32,34,35,36,37,4,40,42,43,44,45,46,47,50,52,54,55,56,57,59,6,61,62,63,64,66,67,71,72,73,74,75,76,77,8,81,82,9",extra_trees,7,extra_trees__candidate_007,"{""classifier__max_depth"":12,""classifier__max_features"":0.5,""classifier__min_samples_leaf"":1}",True,11,False,4,3,0.636321912013,0.0144986065891,0.668316424621,0.0139455648426,0.699287600177,0.0203168349583,0.68342946101,0.0278895561721,0.5796345066,0.0336470638845,0.804461146655,0.0546569673624
3,"16,33,38,41,48,49,5,51,53,58,60,65,7,70,80","0,1,10,11,12,13,14,15,17,18,19,2,20,21,22,23,24,25,26,27,28,29,3,30,31,32,34,35,36,37,4,40,42,43,44,45,46,47,50,52,54,55,56,57,59,6,61,62,63,64,66,67,71,72,73,74,75,76,77,8,81,82,9",extra_trees,8,extra_trees__candidate_008,"{""classifier__max_depth"":12,""classifier__max_features"":0.5,""classifier__min_samples_leaf"":4}",True,12,False,4,3,0.635571935216,0.0146527038303,0.668975955337,0.0140813233495,0.698371288947,0.0203851390589,0.682139149931,0.0280717837551,0.578414722429,0.0337056654531,0.807637538919,0.054781987915
4,"0,12,13,15,17,25,29,31,36,40,43,46,47,64,77,8,82","1,10,11,14,16,18,19,2,20,21,22,23,24,26,27,28,3,30,32,33,34,35,37,38,4,41,42,44,45,48,49,5,50,51,52,53,54,55,56,57,58,59,6,60,61,62,63,65,66,67,7,70,71,72,73,74,75,76,80,81,9",dummy_prior,1,dummy_prior__candidate_001,{},False,,False,0,3,0.0969467149843,0.00783328507829,0.2,2.77555756156e-17,0.156802136799,0.0279970295132,0.32076785586,0.0335804035718,0,0,1.41984878876,0.0339802122793
4,"0,12,13,15,17,25,29,31,36,40,43,46,47,64,77,8,82","1,10,11,14,16,18,19,2,20,21,22,23,24,26,27,28,3,30,32,33,34,35,37,38,4,41,42,44,45,48,49,5,50,51,52,53,54,55,56,57,58,59,6,60,61,62,63,65,66,67,7,70,71,72,73,74,75,76,80,81,9",logistic_regression,1,logistic_regression__candidate_001,"{""classifier__C"":0.1}",True,17,False,1,3,0.617297154991,0.023657460187,0.666681329593,0.0146648405245,0.691781861564,0.00951244095269,0.673135556271,0.0162724355126,0.566357332368,0.0233114978206,0.817798648492,0.0386597111132
4,"0,12,13,15,17,25,29,31,36,40,43,46,47,64,77,8,82","1,10,11,14,16,18,19,2,20,21,22,23,24,26,27,28,3,30,32,33,34,35,37,38,4,41,42,44,45,48,49,5,50,51,52,53,54,55,56,57,58,59,6,60,61,62,63,65,66,67,7,70,71,72,73,74,75,76,80,81,9",logistic_regression,2,logistic_regression__candidate_002,"{""classifier__C"":1.0}",True,16,False,1,3,0.617491777575,0.0243718068474,0.666697213807,0.015347506247,0.691876594363,0.0101112667399,0.673230101307,0.0172258177218,0.566507960136,0.0243833737282,0.818210290955,0.0398380174015
4,"0,12,13,15,17,25,29,31,36,40,43,46,47,64,77,8,82","1,10,11,14,16,18,19,2,20,21,22,23,24,26,27,28,3,30,32,33,34,35,37,38,4,41,42,44,45,48,49,5,50,51,52,53,54,55,56,57,58,59,6,60,61,62,63,65,66,67,7,70,71,72,73,74,75,76,80,81,9",logistic_regression,3,logistic_regression__candidate_003,"{""classifier__C"":10.0}",True,18,False,1,3,0.617254682972,0.0247449073921,0.666363737861,0.0154559840538,0.69165061966,0.0101655419905,0.672920897446,0.0171882100063,0.566145814487,0.0244622650547,0.818767998389,0.0398933602707
4,"0,12,13,15,17,25,29,31,36,40,43,46,47,64,77,8,82","1,10,11,14,16,18,19,2,20,21,22,23,24,26,27,28,3,30,32,33,34,35,37,38,4,41,42,44,45,48,49,5,50,51,52,53,54,55,56,57,58,59,6,60,61,62,63,65,66,67,7,70,71,72,73,74,75,76,80,81,9",sgd_logistic,1,sgd_logistic__candidate_001,"{""classifier__alpha"":1e-05,""classifier__penalty"":""l2""}",True,10,False,2,3,0.627346206491,0.0231213843197,0.654265545467,0.0148435001129,0.709892344269,0.00758559019021,0.71232006073,0.0110223549295,0.603793026332,0.0183131165865,0.826342483488,0.0314640374346
4,"0,12,13,15,17,25,29,31,36,40,43,46,47,64,77,8,82","1,10,11,14,16,18,19,2,20,21,22,23,24,26,27,28,3,30,32,33,34,35,37,38,4,41,42,44,45,48,49,5,50,51,52,53,54,55,56,57,58,59,6,60,61,62,63,65,66,67,7,70,71,72,73,74,75,76,80,81,9",sgd_logistic,2,sgd_logistic__candidate_002,"{""classifier__alpha"":0.0001,""classifier__penalty"":""l2""}",True,9,False,2,3,0.627432227753,0.0234353511829,0.652328352142,0.0135063452098,0.70930596265,0.00781904230898,0.710855313676,0.0117597332376,0.60183008895,0.0190342916522,0.777607938683,0.031856391158
4,"0,12,13,15,17,25,29,31,36,40,43,46,47,64,77,8,82","1,10,11,14,16,18,19,2,20,21,22,23,24,26,27,28,3,30,32,33,34,35,37,38,4,41,42,44,45,48,49,5,50,51,52,53,54,55,56,57,58,59,6,60,61,62,63,65,66,67,7,70,71,72,73,74,75,76,80,81,9",sgd_logistic,3,sgd_logistic__candidate_003,"{""classifier__alpha"":0.001,""classifier__penalty"":""l2""}",True,12,False,2,3,0.623055519645,0.0205826506205,0.646401285022,0.0115079639019,0.705230677943,0.00661013950972,0.706437239679,0.0105423696171,0.595669543307,0.0171665177878,0.780682881678,0.0315511676161
4,"0,12,13,15,17,25,29,31,36,40,43,46,47,64,77,8,82","1,10,11,14,16,18,19,2,20,21,22,23,24,26,27,28,3,30,32,33,34,35,37,38,4,41,42,44,45,48,49,5,50,51,52,53,54,55,56,57,58,59,6,60,61,62,63,65,66,67,7,70,71,72,73,74,75,76,80,81,9",sgd_logistic,4,sgd_logistic__candidate_004,"{""classifier__alpha"":1e-05,""classifier__l1_ratio"":0.15,""classifier__penalty"":""elasticnet""}",True,23,False,2,3,0.488756320455,0.0611968261279,0.515939063616,0.0461589289528,0.552259948875,0.0709844792386,0.526487567963,0.0838394591518,0.385812783021,0.0915699513065,1.58725330133,0.354576944968
4,"0,12,13,15,17,25,29,31,36,40,43,46,47,64,77,8,82","1,10,11,14,16,18,19,2,20,21,22,23,24,26,27,28,3,30,32,33,34,35,37,38,4,41,42,44,45,48,49,5,50,51,52,53,54,55,56,57,58,59,6,60,61,62,63,65,66,67,7,70,71,72,73,74,75,76,80,81,9",sgd_logistic,5,sgd_logistic__candidate_005,"{""classifier__alpha"":1e-05,""classifier__l1_ratio"":0.5,""classifier__penalty"":""elasticnet""}",True,25,False,2,3,0.397610626858,0.0295223363303,0.409402427625,0.0316293998436,0.505995655935,0.041415261781,0.489812450586,0.0590772110479,0.32493521498,0.0602040462764,2.29219937377,0.358251688029
4,"0,12,13,15,17,25,29,31,36,40,43,46,47,64,77,8,82","1,10,11,14,16,18,19,2,20,21,22,23,24,26,27,28,3,30,32,33,34,35,37,38,4,41,42,44,45,48,49,5,50,51,52,53,54,55,56,57,58,59,6,60,61,62,63,65,66,67,7,70,71,72,73,74,75,76,80,81,9",sgd_logistic,6,sgd_logistic__candidate_006,"{""classifier__alpha"":0.0001,""classifier__l1_ratio"":0.15,""classifier__penalty"":""elasticnet""}",True,26,False,2,3,0.383328517861,0.0863344051136,0.406023971862,0.0776612582699,0.510114039504,0.0626468360085,0.49651498488,0.0667300985487,0.331067393035,0.0829605129057,1.70742447369,0.404344863257
4,"0,12,13,15,17,25,29,31,36,40,43,46,47,64,77,8,82","1,10,11,14,16,18,19,2,20,21,22,23,24,26,27,28,3,30,32,33,34,35,37,38,4,41,42,44,45,48,49,5,50,51,52,53,54,55,56,57,58,59,6,60,61,62,63,65,66,67,7,70,71,72,73,74,75,76,80,81,9",sgd_logistic,7,sgd_logistic__candidate_007,"{""classifier__alpha"":0.0001,""classifier__l1_ratio"":0.5,""classifier__penalty"":""elasticnet""}",True,24,False,2,3,0.400772551809,0.0519702751881,0.455178766063,0.056077881273,0.454919162356,0.0762119443503,0.442266867297,0.0762706421907,0.278165586424,0.089154667688,2.11614457182,0.712560113872
4,"0,12,13,15,17,25,29,31,36,40,43,46,47,64,77,8,82","1,10,11,14,16,18,19,2,20,21,22,23,24,26,27,28,3,30,32,33,34,35,37,38,4,41,42,44,45,48,49,5,50,51,52,53,54,55,56,57,58,59,6,60,61,62,63,65,66,67,7,70,71,72,73,74,75,76,80,81,9",sgd_logistic,8,sgd_logistic__candidate_008,"{""classifier__alpha"":0.001,""classifier__l1_ratio"":0.15,""classifier__penalty"":""elasticnet""}",True,27,False,2,3,0.301100896793,0.0689864796248,0.31176459053,0.0581958362211,0.407806312341,0.0915525057396,0.392836577916,0.0874369863357,0.19334033705,0.104902567137,1.91169323706,0.502698196448
4,"0,12,13,15,17,25,29,31,36,40,43,46,47,64,77,8,82","1,10,11,14,16,18,19,2,20,21,22,23,24,26,27,28,3,30,32,33,34,35,37,38,4,41,42,44,45,48,49,5,50,51,52,53,54,55,56,57,58,59,6,60,61,62,63,65,66,67,7,70,71,72,73,74,75,76,80,81,9",sgd_logistic,9,sgd_logistic__candidate_009,"{""classifier__alpha"":0.001,""classifier__l1_ratio"":0.5,""classifier__penalty"":""elasticnet""}",True,28,False,2,3,0.225751402987,0.050222893656,0.23501350046,0.0529617008684,0.328076565191,0.0699606938235,0.317704392764,0.0715885794419,0.0857444180442,0.0947628478141,2.49333046075,0.556705400103
4,"0,12,13,15,17,25,29,31,36,40,43,46,47,64,77,8,82","1,10,11,14,16,18,19,2,20,21,22,23,24,26,27,28,3,30,32,33,34,35,37,38,4,41,42,44,45,48,49,5,50,51,52,53,54,55,56,57,58,59,6,60,61,62,63,65,66,67,7,70,71,72,73,74,75,76,80,81,9",random_forest,1,random_forest__candidate_001,"{""classifier__max_depth"":null,""classifier__max_features"":""sqrt"",""classifier__min_samples_leaf"":1}",True,13,False,3,3,0.622620064221,0.0080357920488,0.617798164104,0.0133064942495,0.707758903526,0.00881679811907,0.727055361885,0.013006248933,0.612416961646,0.0167261667303,0.72196421232,0.0355927934297
4,"0,12,13,15,17,25,29,31,36,40,43,46,47,64,77,8,82","1,10,11,14,16,18,19,2,20,21,22,23,24,26,27,28,3,30,32,33,34,35,37,38,4,41,42,44,45,48,49,5,50,51,52,53,54,55,56,57,58,59,6,60,61,62,63,65,66,67,7,70,71,72,73,74,75,76,80,81,9",random_forest,2,random_forest__candidate_002,"{""classifier__max_depth"":null,""classifier__max_features"":""sqrt"",""classifier__min_samples_leaf"":4}",True,1,True,3,3,0.639862037048,0.0148970046793,0.651059853353,0.017415074401,0.715092884064,0.0111561399543,0.71533535039,0.0173009470209,0.607525947502,0.0235739766446,0.721810715463,0.0422908890166
4,"0,12,13,15,17,25,29,31,36,40,43,46,47,64,77,8,82","1,10,11,14,16,18,19,2,20,21,22,23,24,26,27,28,3,30,32,33,34,35,37,38,4,41,42,44,45,48,49,5,50,51,52,53,54,55,56,57,58,59,6,60,61,62,63,65,66,67,7,70,71,72,73,74,75,76,80,81,9",random_forest,3,random_forest__candidate_003,"{""classifier__max_depth"":null,""classifier__max_features"":0.5,""classifier__min_samples_leaf"":1}",True,14,False,3,3,0.621518840327,0.00987458693844,0.616625983487,0.0145737510546,0.707809193321,0.00914805025999,0.725562420232,0.0129221735734,0.610946902662,0.0172047658219,0.737310802647,0.0360110488707
4,"0,12,13,15,17,25,29,31,36,40,43,46,47,64,77,8,82","1,10,11,14,16,18,19,2,20,21,22,23,24,26,27,28,3,30,32,33,34,35,37,38,4,41,42,44,45,48,49,5,50,51,52,53,54,55,56,57,58,59,6,60,61,62,63,65,66,67,7,70,71,72,73,74,75,76,80,81,9",random_forest,4,random_forest__candidate_004,"{""classifier__max_depth"":null,""classifier__max_features"":0.5,""classifier__min_samples_leaf"":4}",True,3,False,3,3,0.638695804645,0.0156263097719,0.648265557946,0.0179116853944,0.715569262988,0.0108602158218,0.716686403547,0.0166751754296,0.608634076991,0.0231505792412,0.721979729308,0.0404886800342
4,"0,12,13,15,17,25,29,31,36,40,43,46,47,64,77,8,82","1,10,11,14,16,18,19,2,20,21,22,23,24,26,27,28,3,30,32,33,34,35,37,38,4,41,42,44,45,48,49,5,50,51,52,53,54,55,56,57,58,59,6,60,61,62,63,65,66,67,7,70,71,72,73,74,75,76,80,81,9",random_forest,5,random_forest__candidate_005,"{""classifier__max_depth"":12,""classifier__max_features"":""sqrt"",""classifier__min_samples_leaf"":1}",True,6,False,3,3,0.631770431725,0.0186326937339,0.658592132455,0.0186443819362,0.700780385944,0.0129266823556,0.687828529992,0.021931666471,0.579859659486,0.0297268427589,0.760566202948,0.0469300492641
4,"0,12,13,15,17,25,29,31,36,40,43,46,47,64,77,8,82","1,10,11,14,16,18,19,2,20,21,22,23,24,26,27,28,3,30,32,33,34,35,37,38,4,41,42,44,45,48,49,5,50,51,52,53,54,55,56,57,58,59,6,60,61,62,63,65,66,67,7,70,71,72,73,74,75,76,80,81,9",random_forest,6,random_forest__candidate_006,"{""classifier__max_depth"":12,""classifier__max_features"":""sqrt"",""classifier__min_samples_leaf"":4}",True,8,False,3,3,0.630497614617,0.0192550131232,0.659871373963,0.0181577312615,0.699342582099,0.0131457233746,0.685401437795,0.0222590001516,0.577557732588,0.0300893941664,0.765440680431,0.0471707740325
4,"0,12,13,15,17,25,29,31,36,40,43,46,47,64,77,8,82","1,10,11,14,16,18,19,2,20,21,22,23,24,26,27,28,3,30,32,33,34,35,37,38,4,41,42,44,45,48,49,5,50,51,52,53,54,55,56,57,58,59,6,60,61,62,63,65,66,67,7,70,71,72,73,74,75,76,80,81,9",random_forest,7,random_forest__candidate_007,"{""classifier__max_depth"":12,""classifier__max_features"":0.5,""classifier__min_samples_leaf"":1}",True,4,False,3,3,0.635641850542,0.0188937572302,0.660650983016,0.0180603849628,0.704188361098,0.0121483058474,0.69071601016,0.0203712146751,0.583648637595,0.0279014104795,0.752715450935,0.0474534016806
4,"0,12,13,15,17,25,29,31,36,40,43,46,47,64,77,8,82","1,10,11,14,16,18,19,2,20,21,22,23,24,26,27,28,3,30,32,33,34,35,37,38,4,41,42,44,45,48,49,5,50,51,52,53,54,55,56,57,58,59,6,60,61,62,63,65,66,67,7,70,71,72,73,74,75,76,80,81,9",random_forest,8,random_forest__candidate_008,"{""classifier__max_depth"":12,""classifier__max_features"":0.5,""classifier__min_samples_leaf"":4}",True,5,False,3,3,0.634237019233,0.0195087120566,0.661633166624,0.0177733988832,0.702711884175,0.0126404580765,0.688310420003,0.0210838217125,0.581309495506,0.0286849120208,0.756713800793,0.0475145008318
4,"0,12,13,15,17,25,29,31,36,40,43,46,47,64,77,8,82","1,10,11,14,16,18,19,2,20,21,22,23,24,26,27,28,3,30,32,33,34,35,37,38,4,41,42,44,45,48,49,5,50,51,52,53,54,55,56,57,58,59,6,60,61,62,63,65,66,67,7,70,71,72,73,74,75,76,80,81,9",extra_trees,1,extra_trees__candidate_001,"{""classifier__max_depth"":null,""classifier__max_features"":""sqrt"",""classifier__min_samples_leaf"":1}",True,15,False,4,3,0.620279285285,0.007789033165,0.617401496028,0.0129927387215,0.70515601655,0.00930371612433,0.7254755003,0.015197616381,0.610075927234,0.0188183063924,0.721938820931,0.0387317035201
4,"0,12,13,15,17,25,29,31,36,40,43,46,47,64,77,8,82","1,10,11,14,16,18,19,2,20,21,22,23,24,26,27,28,3,30,32,33,34,35,37,38,4,41,42,44,45,48,49,5,50,51,52,53,54,55,56,57,58,59,6,60,61,62,63,65,66,67,7,70,71,72,73,74,75,76,80,81,9",extra_trees,2,extra_trees__candidate_002,"{""classifier__max_depth"":null,""classifier__max_features"":""sqrt"",""classifier__min_samples_leaf"":4}",True,7,False,4,3,0.631150491046,0.0165922909568,0.659959136776,0.017763240855,0.704175379488,0.0128499325915,0.696424177416,0.0207396284805,0.588613369741,0.0277645862168,0.759039958117,0.0483564530882
4,"0,12,13,15,17,25,29,31,36,40,43,46,47,64,77,8,82","1,10,11,14,16,18,19,2,20,21,22,23,24,26,27,28,3,30,32,33,34,35,37,38,4,41,42,44,45,48,49,5,50,51,52,53,54,55,56,57,58,59,6,60,61,62,63,65,66,67,7,70,71,72,73,74,75,76,80,81,9",extra_trees,3,extra_trees__candidate_003,"{""classifier__max_depth"":null,""classifier__max_features"":0.5,""classifier__min_samples_leaf"":1}",True,11,False,4,3,0.623301355049,0.00751765649885,0.619381149845,0.0125390093498,0.707829347816,0.00881429472453,0.726714216742,0.013929825696,0.612278082912,0.0176178921663,0.72079404199,0.0377002638783
4,"0,12,13,15,17,25,29,31,36,40,43,46,47,64,77,8,82","1,10,11,14,16,18,19,2,20,21,22,23,24,26,27,28,3,30,32,33,34,35,37,38,4,41,42,44,45,48,49,5,50,51,52,53,54,55,56,57,58,59,6,60,61,62,63,65,66,67,7,70,71,72,73,74,75,76,80,81,9",extra_trees,4,extra_trees__candidate_004,"{""classifier__max_depth"":null,""classifier__max_features"":0.5,""classifier__min_samples_leaf"":4}",True,2,False,4,3,0.638850404004,0.0176372266452,0.659325460526,0.0177251559248,0.711838483107,0.0123839558966,0.706274144673,0.0196282973778,0.599424236732,0.0268117168142,0.735977787115,0.047492367897
4,"0,12,13,15,17,25,29,31,36,40,43,46,47,64,77,8,82","1,10,11,14,16,18,19,2,20,21,22,23,24,26,27,28,3,30,32,33,34,35,37,38,4,41,42,44,45,48,49,5,50,51,52,53,54,55,56,57,58,59,6,60,61,62,63,65,66,67,7,70,71,72,73,74,75,76,80,81,9",extra_trees,5,extra_trees__candidate_005,"{""classifier__max_depth"":12,""classifier__max_features"":""sqrt"",""classifier__min_samples_leaf"":1}",True,21,False,4,3,0.593276708414,0.0138751834566,0.648159584929,0.0143182298407,0.671256379104,0.0129509870094,0.658333222678,0.0216074110502,0.544928893132,0.0277441020055,0.907615414975,0.0442653300702
4,"0,12,13,15,17,25,29,31,36,40,43,46,47,64,77,8,82","1,10,11,14,16,18,19,2,20,21,22,23,24,26,27,28,3,30,32,33,34,35,37,38,4,41,42,44,45,48,49,5,50,51,52,53,54,55,56,57,58,59,6,60,61,62,63,65,66,67,7,70,71,72,73,74,75,76,80,81,9",extra_trees,6,extra_trees__candidate_006,"{""classifier__max_depth"":12,""classifier__max_features"":""sqrt"",""classifier__min_samples_leaf"":4}",True,22,False,4,3,0.591323950479,0.0135255807743,0.64791854958,0.0128319918293,0.669059386278,0.0117291893744,0.655290619989,0.0204702474472,0.541680975264,0.0261995962255,0.91092765178,0.0397548830155
4,"0,12,13,15,17,25,29,31,36,40,43,46,47,64,77,8,82","1,10,11,14,16,18,19,2,20,21,22,23,24,26,27,28,3,30,32,33,34,35,37,38,4,41,42,44,45,48,49,5,50,51,52,53,54,55,56,57,58,59,6,60,61,62,63,65,66,67,7,70,71,72,73,74,75,76,80,81,9",extra_trees,7,extra_trees__candidate_007,"{""classifier__max_depth"":12,""classifier__max_features"":0.5,""classifier__min_samples_leaf"":1}",True,19,False,4,3,0.616710002351,0.0169475341126,0.659991179466,0.0150980814716,0.688656052804,0.0113525004204,0.674322294479,0.0209682206718,0.565279005412,0.0281004523375,0.811929481749,0.0471187572409
4,"0,12,13,15,17,25,29,31,36,40,43,46,47,64,77,8,82","1,10,11,14,16,18,19,2,20,21,22,23,24,26,27,28,3,30,32,33,34,35,37,38,4,41,42,44,45,48,49,5,50,51,52,53,54,55,56,57,58,59,6,60,61,62,63,65,66,67,7,70,71,72,73,74,75,76,80,81,9",extra_trees,8,extra_trees__candidate_008,"{""classifier__max_depth"":12,""classifier__max_features"":0.5,""classifier__min_samples_leaf"":4}",True,20,False,4,3,0.615402567852,0.0176855492471,0.660133399041,0.0147372594049,0.687180586601,0.0116745588342,0.672416240556,0.021409644165,0.563252293854,0.028616685087,0.815532217495,0.04804403255
5,"20,22,26,30,34,35,37,44,45,55,57,62,76,81,9","0,1,10,11,12,13,14,15,16,17,18,19,2,21,23,24,25,27,28,29,3,31,32,33,36,38,4,40,41,42,43,46,47,48,49,5,50,51,52,53,54,56,58,59,6,60,61,63,64,65,66,67,7,70,71,72,73,74,75,77,8,80,82",dummy_prior,1,dummy_prior__candidate_001,{},False,,False,0,3,0.100634522402,0.00393055861771,0.2,2.77555756156e-17,0.169605537957,0.0153344460522,0.336389074983,0.0174927609594,0,0,1.43121093109,0.0221322858365
5,"20,22,26,30,34,35,37,44,45,55,57,62,76,81,9","0,1,10,11,12,13,14,15,16,17,18,19,2,21,23,24,25,27,28,29,3,31,32,33,36,38,4,40,41,42,43,46,47,48,49,5,50,51,52,53,54,56,58,59,6,60,61,63,64,65,66,67,7,70,71,72,73,74,75,77,8,80,82",logistic_regression,1,logistic_regression__candidate_001,"{""classifier__C"":0.1}",True,20,False,1,3,0.636956677772,0.00184405352538,0.679176678218,0.0016231668366,0.703374162343,0.00662613384751,0.685238331695,7.11542247313e-05,0.5858923191,0.00165279323335,0.795806869227,0.020184880235
5,"20,22,26,30,34,35,37,44,45,55,57,62,76,81,9","0,1,10,11,12,13,14,15,16,17,18,19,2,21,23,24,25,27,28,29,3,31,32,33,36,38,4,40,41,42,43,46,47,48,49,5,50,51,52,53,54,56,58,59,6,60,61,63,64,65,66,67,7,70,71,72,73,74,75,77,8,80,82",logistic_regression,2,logistic_regression__candidate_002,"{""classifier__C"":1.0}",True,19,False,1,3,0.637296043317,0.00193392906919,0.679707613578,0.0014518585784,0.703817632676,0.00664505753953,0.685686816326,0.000109023484098,0.586500407581,0.00175903802904,0.79503931787,0.0199366159624
5,"20,22,26,30,34,35,37,44,45,55,57,62,76,81,9","0,1,10,11,12,13,14,15,16,17,18,19,2,21,23,24,25,27,28,29,3,31,32,33,36,38,4,40,41,42,43,46,47,48,49,5,50,51,52,53,54,56,58,59,6,60,61,63,64,65,66,67,7,70,71,72,73,74,75,77,8,80,82",logistic_regression,3,logistic_regression__candidate_003,"{""classifier__C"":10.0}",True,18,False,1,3,0.637889637121,0.00150950131149,0.680182124389,0.00201202500966,0.704162625223,0.00717756069722,0.686047323688,0.00049142910909,0.586950219066,0.00107245174606,0.794791092865,0.01978854807
5,"20,22,26,30,34,35,37,44,45,55,57,62,76,81,9","0,1,10,11,12,13,14,15,16,17,18,19,2,21,23,24,25,27,28,29,3,31,32,33,36,38,4,40,41,42,43,46,47,48,49,5,50,51,52,53,54,56,58,59,6,60,61,63,64,65,66,67,7,70,71,72,73,74,75,77,8,80,82",sgd_logistic,1,sgd_logistic__candidate_001,"{""classifier__alpha"":1e-05,""classifier__penalty"":""l2""}",True,10,False,2,3,0.644758632597,0.00589650253217,0.667020654146,0.00468510479143,0.720525606425,0.0123041311162,0.722174316437,0.0041123534223,0.621758943577,0.00388202140741,0.782040342025,0.0261166996115
5,"20,22,26,30,34,35,37,44,45,55,57,62,76,81,9","0,1,10,11,12,13,14,15,16,17,18,19,2,21,23,24,25,27,28,29,3,31,32,33,36,38,4,40,41,42,43,46,47,48,49,5,50,51,52,53,54,56,58,59,6,60,61,63,64,65,66,67,7,70,71,72,73,74,75,77,8,80,82",sgd_logistic,2,sgd_logistic__candidate_002,"{""classifier__alpha"":0.0001,""classifier__penalty"":""l2""}",True,9,False,2,3,0.64518414594,0.00454493065241,0.665722617834,0.00374643087724,0.720131075232,0.0115251808717,0.721113043649,0.00350060837934,0.620330892546,0.00317211934206,0.746465539381,0.0143485468764
5,"20,22,26,30,34,35,37,44,45,55,57,62,76,81,9","0,1,10,11,12,13,14,15,16,17,18,19,2,21,23,24,25,27,28,29,3,31,32,33,36,38,4,40,41,42,43,46,47,48,49,5,50,51,52,53,54,56,58,59,6,60,61,63,64,65,66,67,7,70,71,72,73,74,75,77,8,80,82",sgd_logistic,3,sgd_logistic__candidate_003,"{""classifier__alpha"":0.001,""classifier__penalty"":""l2""}",True,15,False,2,3,0.640415367218,0.00296916602606,0.659453709367,0.00373429681399,0.715500358279,0.0109565026092,0.715595582073,0.00329511838046,0.612931073009,0.00290975237269,0.756978136149,0.0064360100593
5,"20,22,26,30,34,35,37,44,45,55,57,62,76,81,9","0,1,10,11,12,13,14,15,16,17,18,19,2,21,23,24,25,27,28,29,3,31,32,33,36,38,4,40,41,42,43,46,47,48,49,5,50,51,52,53,54,56,58,59,6,60,61,63,64,65,66,67,7,70,71,72,73,74,75,77,8,80,82",sgd_logistic,4,sgd_logistic__candidate_004,"{""classifier__alpha"":1e-05,""classifier__l1_ratio"":0.15,""classifier__penalty"":""elasticnet""}",True,23,False,2,3,0.498341637844,0.0228421909678,0.502694094537,0.0143669964304,0.587878900181,0.0203212493406,0.573042311038,0.0141350318024,0.428219093671,0.0180310295026,1.57819584709,0.131102634758
5,"20,22,26,30,34,35,37,44,45,55,57,62,76,81,9","0,1,10,11,12,13,14,15,16,17,18,19,2,21,23,24,25,27,28,29,3,31,32,33,36,38,4,40,41,42,43,46,47,48,49,5,50,51,52,53,54,56,58,59,6,60,61,63,64,65,66,67,7,70,71,72,73,74,75,77,8,80,82",sgd_logistic,5,sgd_logistic__candidate_005,"{""classifier__alpha"":1e-05,""classifier__l1_ratio"":0.5,""classifier__penalty"":""elasticnet""}",True,24,False,2,3,0.444975347163,0.0122270785449,0.459933691404,0.0465251108169,0.537962861689,0.0187244388391,0.525000511509,0.0111776227622,0.367250097753,0.0241774727841,2.03651953427,0.15370956625
5,"20,22,26,30,34,35,37,44,45,55,57,62,76,81,9","0,1,10,11,12,13,14,15,16,17,18,19,2,21,23,24,25,27,28,29,3,31,32,33,36,38,4,40,41,42,43,46,47,48,49,5,50,51,52,53,54,56,58,59,6,60,61,63,64,65,66,67,7,70,71,72,73,74,75,77,8,80,82",sgd_logistic,6,sgd_logistic__candidate_006,"{""classifier__alpha"":0.0001,""classifier__l1_ratio"":0.15,""classifier__penalty"":""elasticnet""}",True,25,False,2,3,0.425759141036,0.0503286463845,0.44250736986,0.0405406815508,0.548693503132,0.0225982041699,0.554706877639,0.00964525060362,0.39090996432,0.0167687444486,1.52753922848,0.165804408039
5,"20,22,26,30,34,35,37,44,45,55,57,62,76,81,9","0,1,10,11,12,13,14,15,16,17,18,19,2,21,23,24,25,27,28,29,3,31,32,33,36,38,4,40,41,42,43,46,47,48,49,5,50,51,52,53,54,56,58,59,6,60,61,63,64,65,66,67,7,70,71,72,73,74,75,77,8,80,82",sgd_logistic,7,sgd_logistic__candidate_007,"{""classifier__alpha"":0.0001,""classifier__l1_ratio"":0.5,""classifier__penalty"":""elasticnet""}",True,26,False,2,3,0.416239564619,0.0372860064911,0.428987537554,0.038543191341,0.5074689797,0.0339306673952,0.492129226234,0.0355060175198,0.325065135716,0.0406093770387,2.20963294501,0.298036931644
5,"20,22,26,30,34,35,37,44,45,55,57,62,76,81,9","0,1,10,11,12,13,14,15,16,17,18,19,2,21,23,24,25,27,28,29,3,31,32,33,36,38,4,40,41,42,43,46,47,48,49,5,50,51,52,53,54,56,58,59,6,60,61,63,64,65,66,67,7,70,71,72,73,74,75,77,8,80,82",sgd_logistic,8,sgd_logistic__candidate_008,"{""classifier__alpha"":0.001,""classifier__l1_ratio"":0.15,""classifier__penalty"":""elasticnet""}",True,27,False,2,3,0.333280420231,0.0366722192079,0.327737283943,0.0371760515336,0.439870340618,0.0461870754548,0.428375542799,0.0470845494448,0.231335782533,0.0547806543914,1.83349203528,0.0659188281447
5,"20,22,26,30,34,35,37,44,45,55,57,62,76,81,9","0,1,10,11,12,13,14,15,16,17,18,19,2,21,23,24,25,27,28,29,3,31,32,33,36,38,4,40,41,42,43,46,47,48,49,5,50,51,52,53,54,56,58,59,6,60,61,63,64,65,66,67,7,70,71,72,73,74,75,77,8,80,82",sgd_logistic,9,sgd_logistic__candidate_009,"{""classifier__alpha"":0.001,""classifier__l1_ratio"":0.5,""classifier__penalty"":""elasticnet""}",True,28,False,2,3,0.269229691908,0.0109781185075,0.255222562275,0.00865462088508,0.337855164415,0.00265024229832,0.326709871085,0.00317353859975,0.0922758256267,0.00316190661353,2.40036919941,0.0842106007779
5,"20,22,26,30,34,35,37,44,45,55,57,62,76,81,9","0,1,10,11,12,13,14,15,16,17,18,19,2,21,23,24,25,27,28,29,3,31,32,33,36,38,4,40,41,42,43,46,47,48,49,5,50,51,52,53,54,56,58,59,6,60,61,63,64,65,66,67,7,70,71,72,73,74,75,77,8,80,82",random_forest,1,random_forest__candidate_001,"{""classifier__max_depth"":null,""classifier__max_features"":""sqrt"",""classifier__min_samples_leaf"":1}",True,13,False,3,3,0.640646053581,0.0129052808663,0.638086020032,0.0098970441685,0.722626119075,0.0205910088962,0.741305837384,0.0134152699425,0.637138677301,0.0163024330539,0.698878599107,0.0317600508365
5,"20,22,26,30,34,35,37,44,45,55,57,62,76,81,9","0,1,10,11,12,13,14,15,16,17,18,19,2,21,23,24,25,27,28,29,3,31,32,33,36,38,4,40,41,42,43,46,47,48,49,5,50,51,52,53,54,56,58,59,6,60,61,63,64,65,66,67,7,70,71,72,73,74,75,77,8,80,82",random_forest,2,random_forest__candidate_002,"{""classifier__max_depth"":null,""classifier__max_features"":""sqrt"",""classifier__min_samples_leaf"":4}",True,2,False,3,3,0.657479336638,0.0078277557941,0.667067376053,0.0100889901436,0.729314138531,0.0153814013568,0.730081280016,0.00867174059596,0.631138949205,0.0102896167601,0.694607245863,0.0173671086775
5,"20,22,26,30,34,35,37,44,45,55,57,62,76,81,9","0,1,10,11,12,13,14,15,16,17,18,19,2,21,23,24,25,27,28,29,3,31,32,33,36,38,4,40,41,42,43,46,47,48,49,5,50,51,52,53,54,56,58,59,6,60,61,63,64,65,66,67,7,70,71,72,73,74,75,77,8,80,82",random_forest,3,random_forest__candidate_003,"{""classifier__max_depth"":null,""classifier__max_features"":0.5,""classifier__min_samples_leaf"":1}",True,11,False,3,3,0.642442098165,0.0103777727352,0.639581521414,0.00789434277349,0.723635565871,0.018446617464,0.740478567872,0.0115911925499,0.636631293301,0.0137447106361,0.714687926275,0.0306694882498
5,"20,22,26,30,34,35,37,44,45,55,57,62,76,81,9","0,1,10,11,12,13,14,15,16,17,18,19,2,21,23,24,25,27,28,29,3,31,32,33,36,38,4,40,41,42,43,46,47,48,49,5,50,51,52,53,54,56,58,59,6,60,61,63,64,65,66,67,7,70,71,72,73,74,75,77,8,80,82",random_forest,4,random_forest__candidate_004,"{""classifier__max_depth"":null,""classifier__max_features"":0.5,""classifier__min_samples_leaf"":4}",True,1,True,3,3,0.657996011542,0.00753767898208,0.66625724669,0.00947539635016,0.730253587161,0.015283038385,0.731620383106,0.0088975563669,0.632791841808,0.0104432456698,0.695887329668,0.02107315026
5,"20,22,26,30,34,35,37,44,45,55,57,62,76,81,9","0,1,10,11,12,13,14,15,16,17,18,19,2,21,23,24,25,27,28,29,3,31,32,33,36,38,4,40,41,42,43,46,47,48,49,5,50,51,52,53,54,56,58,59,6,60,61,63,64,65,66,67,7,70,71,72,73,74,75,77,8,80,82",random_forest,5,random_forest__candidate_005,"{""classifier__max_depth"":12,""classifier__max_features"":""sqrt"",""classifier__min_samples_leaf"":1}",True,6,False,3,3,0.654679613391,0.00357321789357,0.676427166114,0.00808221707872,0.718938133721,0.0115839869944,0.706491360343,0.00625053867369,0.607525252549,0.00671339641263,0.728174947487,0.0145396934681
5,"20,22,26,30,34,35,37,44,45,55,57,62,76,81,9","0,1,10,11,12,13,14,15,16,17,18,19,2,21,23,24,25,27,28,29,3,31,32,33,36,38,4,40,41,42,43,46,47,48,49,5,50,51,52,53,54,56,58,59,6,60,61,63,64,65,66,67,7,70,71,72,73,74,75,77,8,80,82",random_forest,6,random_forest__candidate_006,"{""classifier__max_depth"":12,""classifier__max_features"":""sqrt"",""classifier__min_samples_leaf"":4}",True,7,False,3,3,0.654159329261,0.00320575568473,0.677833573604,0.00758216690459,0.718057355008,0.0110219210075,0.704856639786,0.0055240673064,0.606083843512,0.00577432506173,0.733403286145,0.0128428921208
5,"20,22,26,30,34,35,37,44,45,55,57,62,76,81,9","0,1,10,11,12,13,14,15,16,17,18,19,2,21,23,24,25,27,28,29,3,31,32,33,36,38,4,40,41,42,43,46,47,48,49,5,50,51,52,53,54,56,58,59,6,60,61,63,64,65,66,67,7,70,71,72,73,74,75,77,8,80,82",random_forest,7,random_forest__candidate_007,"{""classifier__max_depth"":12,""classifier__max_features"":0.5,""classifier__min_samples_leaf"":1}",True,4,False,3,3,0.656588984392,0.00369642486168,0.676882889754,0.00791202514719,0.720064629001,0.0113586845846,0.706865795899,0.00636425250188,0.608195226369,0.00670394997696,0.724169621052,0.0179113307033
5,"20,22,26,30,34,35,37,44,45,55,57,62,76,81,9","0,1,10,11,12,13,14,15,16,17,18,19,2,21,23,24,25,27,28,29,3,31,32,33,36,38,4,40,41,42,43,46,47,48,49,5,50,51,52,53,54,56,58,59,6,60,61,63,64,65,66,67,7,70,71,72,73,74,75,77,8,80,82",random_forest,8,random_forest__candidate_008,"{""classifier__max_depth"":12,""classifier__max_features"":0.5,""classifier__min_samples_leaf"":4}",True,5,False,3,3,0.655625156889,0.00332882374805,0.677696975942,0.00734736581497,0.719011019852,0.0108244930856,0.705213121296,0.00576271834684,0.606600815665,0.00592280136658,0.728212130285,0.0163616435411
5,"20,22,26,30,34,35,37,44,45,55,57,62,76,81,9","0,1,10,11,12,13,14,15,16,17,18,19,2,21,23,24,25,27,28,29,3,31,32,33,36,38,4,40,41,42,43,46,47,48,49,5,50,51,52,53,54,56,58,59,6,60,61,63,64,65,66,67,7,70,71,72,73,74,75,77,8,80,82",extra_trees,1,extra_trees__candidate_001,"{""classifier__max_depth"":null,""classifier__max_features"":""sqrt"",""classifier__min_samples_leaf"":1}",True,17,False,4,3,0.638676279375,0.0137930374864,0.637860046172,0.00943330720215,0.721401205583,0.0207160838723,0.74199083254,0.012218714109,0.637581383252,0.0148314741929,0.693736946689,0.024600911185
5,"20,22,26,30,34,35,37,44,45,55,57,62,76,81,9","0,1,10,11,12,13,14,15,16,17,18,19,2,21,23,24,25,27,28,29,3,31,32,33,36,38,4,40,41,42,43,46,47,48,49,5,50,51,52,53,54,56,58,59,6,60,61,63,64,65,66,67,7,70,71,72,73,74,75,77,8,80,82",extra_trees,2,extra_trees__candidate_002,"{""classifier__max_depth"":null,""classifier__max_features"":""sqrt"",""classifier__min_samples_leaf"":4}",True,8,False,4,3,0.651693664898,0.0040878443785,0.674979016312,0.00766117088876,0.720925031881,0.0116359002803,0.714071508273,0.00510119516432,0.615054801827,0.00556392488176,0.722884712038,0.00995231686826
5,"20,22,26,30,34,35,37,44,45,55,57,62,76,81,9","0,1,10,11,12,13,14,15,16,17,18,19,2,21,23,24,25,27,28,29,3,31,32,33,36,38,4,40,41,42,43,46,47,48,49,5,50,51,52,53,54,56,58,59,6,60,61,63,64,65,66,67,7,70,71,72,73,74,75,77,8,80,82",extra_trees,3,extra_trees__candidate_003,"{""classifier__max_depth"":null,""classifier__max_features"":0.5,""classifier__min_samples_leaf"":1}",True,14,False,4,3,0.640431313548,0.0121288648105,0.638458883593,0.00887938453442,0.72284176449,0.0196671528665,0.741671505638,0.0123044723014,0.637685157473,0.01481301359,0.699342361218,0.0315277635588
5,"20,22,26,30,34,35,37,44,45,55,57,62,76,81,9","0,1,10,11,12,13,14,15,16,17,18,19,2,21,23,24,25,27,28,29,3,31,32,33,36,38,4,40,41,42,43,46,47,48,49,5,50,51,52,53,54,56,58,59,6,60,61,63,64,65,66,67,7,70,71,72,73,74,75,77,8,80,82",extra_trees,4,extra_trees__candidate_004,"{""classifier__max_depth"":null,""classifier__max_features"":0.5,""classifier__min_samples_leaf"":4}",True,3,False,4,3,0.656869680765,0.004883100663,0.674220795566,0.00803486635082,0.726637952689,0.0124454034937,0.72202601311,0.00589665137428,0.623806201483,0.0065311285497,0.706314073869,0.0148033055404
5,"20,22,26,30,34,35,37,44,45,55,57,62,76,81,9","0,1,10,11,12,13,14,15,16,17,18,19,2,21,23,24,25,27,28,29,3,31,32,33,36,38,4,40,41,42,43,46,47,48,49,5,50,51,52,53,54,56,58,59,6,60,61,63,64,65,66,67,7,70,71,72,73,74,75,77,8,80,82",extra_trees,5,extra_trees__candidate_005,"{""classifier__max_depth"":12,""classifier__max_features"":""sqrt"",""classifier__min_samples_leaf"":1}",True,21,False,4,3,0.621409783903,0.00515796815423,0.664563947199,0.00109051713429,0.691817930727,0.0045434740899,0.680398150496,0.00274137439895,0.576273336287,0.00392813118117,0.86843446343,0.00332049820028
5,"20,22,26,30,34,35,37,44,45,55,57,62,76,81,9","0,1,10,11,12,13,14,15,16,17,18,19,2,21,23,24,25,27,28,29,3,31,32,33,36,38,4,40,41,42,43,46,47,48,49,5,50,51,52,53,54,56,58,59,6,60,61,63,64,65,66,67,7,70,71,72,73,74,75,77,8,80,82",extra_trees,6,extra_trees__candidate_006,"{""classifier__max_depth"":12,""classifier__max_features"":""sqrt"",""classifier__min_samples_leaf"":4}",True,22,False,4,3,0.62094080534,0.00522856822498,0.665147450152,0.00204831303537,0.691250406078,0.00458280073289,0.679672182394,0.0024403330492,0.575608356506,0.00360386243748,0.872603673399,0.00177363053075
5,"20,22,26,30,34,35,37,44,45,55,57,62,76,81,9","0,1,10,11,12,13,14,15,16,17,18,19,2,21,23,24,25,27,28,29,3,31,32,33,36,38,4,40,41,42,43,46,47,48,49,5,50,51,52,53,54,56,58,59,6,60,61,63,64,65,66,67,7,70,71,72,73,74,75,77,8,80,82",extra_trees,7,extra_trees__candidate_007,"{""classifier__max_depth"":12,""classifier__max_features"":0.5,""classifier__min_samples_leaf"":1}",True,12,False,4,3,0.642079711726,0.00294347482422,0.675906912847,0.00559790913761,0.708323258936,0.00946336831062,0.695282908651,0.0038434742027,0.595162942061,0.00362839751461,0.774306464023,0.00712325676676
5,"20,22,26,30,34,35,37,44,45,55,57,62,76,81,9","0,1,10,11,12,13,14,15,16,17,18,19,2,21,23,24,25,27,28,29,3,31,32,33,36,38,4,40,41,42,43,46,47,48,49,5,50,51,52,53,54,56,58,59,6,60,61,63,64,65,66,67,7,70,71,72,73,74,75,77,8,80,82",extra_trees,8,extra_trees__candidate_008,"{""classifier__max_depth"":12,""classifier__max_features"":0.5,""classifier__min_samples_leaf"":4}",True,16,False,4,3,0.639951624096,0.00341528055886,0.675056260171,0.00492864794325,0.706437991261,0.00898609287356,0.692955504039,0.00350930672791,0.592568618548,0.00313695543328,0.778166410907,0.00611138939809
