rank,feature,importance
1,sigma_beta_ratio,0.13602106847973916
2,zero_crossing_rate,0.07734325793808818
3,delta_power_uv2,0.07574681083348096
4,alpha_beta_ratio,0.05937812215918182
5,std_uv,0.05655639510976642
6,beta_power_uv2,0.045369140065039074
7,hjorth_mobility,0.03864585937866125
8,line_length_uv,0.0377334948876443
9,theta_alpha_ratio,0.03217519598938001
10,spectral_centroid_hz,0.031494257477706136
11,kurtosis_excess,0.03137046835960905
12,relative_theta_power,0.03007906175084203
13,spectral_entropy,0.02868285199011329
14,peak_to_peak_uv,0.02779839613218977
15,sigma_power_uv2,0.027493524277135636
16,spectral_edge_frequency_95_hz,0.02728439347195091
17,relative_alpha_power,0.0258806852261604
18,relative_delta_power,0.025818700978725892
19,relative_sigma_power,0.024952845569989467
20,min_uv,0.024430759315710312
21,skewness,0.023240727684392698
22,theta_power_uv2,0.022805235713642173
23,hjorth_complexity,0.019532550950629664
24,max_uv,0.018351162324532565
25,alpha_power_uv2,0.018110452423786512
26,median_uv,0.01582457491900144
27,mean_uv,0.01274992390393768
28,dominant_frequency_hz,0.005130082688963167
