rank,true_class,predicted_class,count,true_class_error_rate
1,N2,REM,5674,0.08207487126077649
2,N1,REM,5585,0.2595019050274138
3,Wake,N1,5512,0.0835898757980619
4,N1,N2,4966,0.23074063748722237
5,N2,N1,4522,0.06541109761036858
6,REM,N1,4424,0.17124056512483066
7,N1,Wake,3993,0.18553108447170338
8,Wake,REM,3734,0.05662637812590043
9,REM,N2,3144,0.12169537449196827
10,REM,Wake,2818,0.10907683375266111
11,N2,N3,2777,0.04016953075276283
12,N2,Wake,2191,0.0316929931146213
13,N3,N2,1867,0.14318582713398267
14,Wake,N2,949,0.014391653144477639
15,N3,Wake,457,0.0350487000536851
16,Wake,N3,284,0.0043068803930786615
17,REM,N3,111,0.004296497000193536
18,N1,N3,102,0.004739336492890996
19,N3,REM,44,0.0033744919088887185
20,N3,N1,16,0.0012270879668686248
